,rhos,seed,sgmds,Initial transient,Test time,Nodes per layer,Error,Layers,_wandb,Resized,_runtime,Train length,_step,alphas,densities,Total time,Test length,sigmas,R_scalings,Train time,_timestamp,Total nodes
0,[0.66197057738689],7441,['tanh'],2,19.45338442,[2000],0.1349,1,{'runtime': 140},14,141.93163347244263,60000,1,[0.7],[0.0136099655084503],139.100065919,10000,[1.207712195562154],[1.2157655005256274],119.646630449,1705529239.3437264,2000
1,"[0.6942951744806503, 1.4072916043271837, 1.2610758929348114]",4978,"['tanh', 'tanh', 'tanh']",2,175.761015317,"[2000, 2000, 2000]",0.1293,3,{'runtime': 1289},14,1290.0896656513214,60000,1,"[0.7, 0.7, 0.7]","[0.07827979687070541, 0.02388225999033704, 0.16498065192925385]",1285.285476602,10000,"[1.2854637977327377, 0.5049963884080837, 0.9085281065028424]","[1.3386870224967435, 0.9078903955450066, 0.5289646888906402]",1109.524408855,1705529094.1789358,6000
2,"[1.2294690161567967, 1.0102476869454649, 0.8314025518841378, 1.0658334647891885, 1.32000803667089]",8338,"['tanh', 'tanh', 'tanh', 'tanh', 'tanh']",2,318.146909248,"[2000, 2000, 2000, 2000, 2000]",0.13,5,{'runtime': 2388},14,2389.8463263511658,60000,1,"[0.7, 0.7, 0.7, 0.7, 0.7]","[0.1807355108805687, 0.10315298114378518, 0.060092765251802856, 0.09754054343178624, 0.16961197159812869]",2382.831550581,10000,"[1.075132614633338, 1.1052253623230084, 0.7510153251532535, 0.904700916624374, 0.8656591138476283]","[1.4829208382175778, 0.8805451228376134, 1.0851290472626969, 1.0666187691963605, 1.171876094523329]",2064.684590723,1705527800.5999784,10000
3,"[0.7236988585558419, 1.3239941386758982, 0.7769901397369907, 0.5835638851222235, 1.0497551945860053, 1.1054328853713895, 1.267471262561942, 0.6428625358630067]",5575,"['tanh', 'tanh', 'tanh', 'tanh', 'tanh', 'tanh', 'tanh', 'tanh']",2,527.59232733,"[2000, 2000, 2000, 2000, 2000, 2000, 2000, 2000]",0.1278,8,{'runtime': 4133},14,4134.328299045563,60000,1,"[0.7, 0.7, 0.7, 0.7, 0.7, 0.7, 0.7, 0.7]","[0.05648854680234369, 0.10628771493512706, 0.18730301933449356, 0.10170710356729824, 0.186271573198186, 0.15334082566534746, 0.10487308800085872, 0.13414737078494457]",4124.529429899,10000,"[0.7779695362156457, 0.8029042118274498, 0.854778636019064, 1.366499209146657, 0.9454976142594952, 1.4178761376044458, 0.8229262422410369, 0.6952200866433283]","[1.2632365536470056, 1.3225462416137843, 1.454095335895619, 1.262744015608914, 0.7877298631555734, 0.912792462576156, 0.9608828453558612, 0.7645137433168787]",3596.937049719,1705525406.747311,16000
4,"[0.5789627058583722, 0.7965475447459315, 0.6950874780706483, 1.3865500598586862, 1.3139806539348116, 1.103380210618648, 1.1453884332720192, 0.6708969948989282, 1.3083277261129194, 1.1417825197884532]",9711,"['tanh', 'tanh', 'tanh', 'tanh', 'tanh', 'tanh', 'tanh', 'tanh', 'tanh', 'tanh']",2,676.091557786,"[2000, 2000, 2000, 2000, 2000, 2000, 2000, 2000, 2000, 2000]",0.1416,10,{'runtime': 5437},14,5438.879999637604,60000,1,"[0.7, 0.7, 0.7, 0.7, 0.7, 0.7, 0.7, 0.7, 0.7, 0.7]","[0.023369983011666512, 0.028803207667175625, 0.1176556569926554, 0.03270408840039342, 0.01141257490742844, 0.1865963505682162, 0.029832846197379352, 0.08042175372554357, 0.10305231121689036, 0.145925058275575]",5427.146324544,10000,"[1.4571577050450455, 0.8407090321668725, 1.081410231541465, 1.1318381412757044, 1.3966262995316856, 1.2003655878733004, 1.4851868657692386, 1.3093514666246535, 0.8133904122359815, 1.298435224609338]","[1.3839883984476615, 0.6590349563390658, 0.9683162301320816, 1.4197778694068597, 0.7116230167448699, 0.6978358568962277, 0.8460370678683132, 0.8293196622611797, 1.0977112000315992, 1.2588714952559732]",4751.054715678,1705521269.0601256,20000
5,[0.793477434051136],8829,['tanh'],2,17.786349158,[2000],0.1365,1,{'runtime': 130},14,131.7514009475708,60000,1,[0.7],[0.19820323354728045],128.946897506,10000,[1.251625277262077],[0.960035326361454],111.160494868,1705515827.288262,2000
6,"[0.9657893857152612, 1.4676042376630969, 0.7545666525090649]",4027,"['tanh', 'tanh', 'tanh']",2,177.41600569,"[2000, 2000, 2000]",0.1275,3,{'runtime': 1301},14,1302.3961882591248,60000,1,"[0.7, 0.7, 0.7]","[0.1655241781941209, 0.12990484345569256, 0.04593518622191452]",1297.102798257,10000,"[1.0693929859826203, 1.0634613723407242, 0.5809443241432465]","[1.49235722060188, 0.556104453965649, 1.0271675941754368]",1119.686738937,1705515692.2857254,6000
7,"[0.794672179126394, 0.8330261732682092, 0.7900139705965793, 1.0206074310385138, 0.6542828468407913]",9353,"['tanh', 'tanh', 'tanh', 'tanh', 'tanh']",2,320.592206512,"[2000, 2000, 2000, 2000, 2000]",0.128,5,{'runtime': 2406},14,2407.4547691345215,60000,1,"[0.7, 0.7, 0.7, 0.7, 0.7]","[0.060729137829095475, 0.10654969218420862, 0.16037179707374832, 0.01607775330815052, 0.1039578839713956]",2400.61074934,10000,"[0.8466047218770252, 0.6881011903685941, 0.5370592744181567, 0.579714794876608, 1.0887997927271382]","[0.7517499535316167, 1.110421489299214, 1.3137478942409575, 0.6214633954898241, 1.1946085438157508]",2080.018490538,1705514386.13944,10000
8,"[1.284301743799209, 1.4627240439854998, 1.2035824034590177, 0.8310880891094704, 1.3052512762935478, 1.4796547540362694, 0.8308109546616792, 0.5915303180616225]",9641,"['tanh', 'tanh', 'tanh', 'tanh', 'tanh', 'tanh', 'tanh', 'tanh']",2,525.132316649,"[2000, 2000, 2000, 2000, 2000, 2000, 2000, 2000]",0.132,8,{'runtime': 4116},14,4117.819148540497,60000,1,"[0.7, 0.7, 0.7, 0.7, 0.7, 0.7, 0.7, 0.7]","[0.184446569845906, 0.10837859336646676, 0.11517408586260876, 0.10105811538983202, 0.028759121409299607, 0.16249846603931276, 0.14387067018922692, 0.1713322069584786]",4108.00602044,10000,"[1.2720348460835351, 1.3789903373595878, 0.9508683899236964, 0.6986257874902162, 0.6659264160934811, 1.2911993146910257, 1.0493483548262637, 1.3523709509429864]","[1.017384259195781, 1.323324536997248, 1.396897537325383, 0.8145670606668964, 1.0343837342029234, 0.7635920291992802, 0.7096955958397159, 1.1624377075226635]",3582.873651661,1705511974.8759675,16000
9,"[1.448379789741081, 0.6250774646750038, 0.6171585674966182, 1.0911359440005417, 1.0040700593689065, 1.127839757541895, 1.0048679222462744, 0.6046276566112634, 0.7675976944040303, 0.739057579427183]",8836,"['tanh', 'tanh', 'tanh', 'tanh', 'tanh', 'tanh', 'tanh', 'tanh', 'tanh', 'tanh']",2,665.246674104,"[2000, 2000, 2000, 2000, 2000, 2000, 2000, 2000, 2000, 2000]",0.1321,10,{'runtime': 5371},14,5372.922895908356,60000,1,"[0.7, 0.7, 0.7, 0.7, 0.7, 0.7, 0.7, 0.7, 0.7, 0.7]","[0.019231856279361297, 0.09629902043793263, 0.13128591455272742, 0.11287779795971914, 0.16973574927863905, 0.1406998314477464, 0.08370727527842417, 0.08511735828850116, 0.19456070026106215, 0.11745812124525525]",5361.10670138,10000,"[0.8821579716938488, 1.4046856536860233, 0.6754867991555973, 1.144330620996206, 1.429339311268484, 1.4885173099616202, 0.5735571227903089, 1.4065852727242802, 1.3922684164886232, 1.4137212869686273]","[0.5621967948727092, 1.3411466327122996, 1.3941341075787268, 1.283392374258999, 1.2353955363807654, 0.9094189727205076, 1.289426643003115, 0.9022328813244052, 1.0467152613755122, 0.8173904692354381]",4695.859974746,1705507853.694502,20000
10,[0.6987018686310349],4779,['tanh'],2,18.66285386,[2000],0.1319,1,{'runtime': 136},14,137.83765530586243,60000,1,[0.7],[0.0366480551095252],135.040442253,10000,[0.7602830437125457],[1.0353149901514214],116.377535623,1705502476.9912052,2000
11,"[1.4266706728297684, 0.7351038524529026, 1.341708975667839]",8746,"['tanh', 'tanh', 'tanh']",2,181.14410668,"[2000, 2000, 2000]",0.1285,3,{'runtime': 1326},14,1327.787101984024,60000,1,"[0.7, 0.7, 0.7]","[0.18780377500717343, 0.045739490244108144, 0.09123175247306382]",1322.994625209,10000,"[1.177049984349019, 0.6657276288837453, 1.1061569449134074]","[1.0752128651461548, 0.5469363794973616, 0.7504278801504694]",1141.850463609,1705502335.267487,6000
12,"[1.3869085046807452, 1.3547745788366825, 0.7328396835798608, 0.7804544815394908, 1.350581626624194]",672,"['tanh', 'tanh', 'tanh', 'tanh', 'tanh']",2,320.592345762,"[2000, 2000, 2000, 2000, 2000]",0.1269,5,{'runtime': 2405},14,2406.643300294876,60000,1,"[0.7, 0.7, 0.7, 0.7, 0.7]","[0.037267213220712234, 0.17970712355280002, 0.18695420679652663, 0.1812457291353185, 0.19693720186624095]",2399.749861914,10000,"[0.8673810834207787, 1.089385071761919, 1.175584017405079, 1.3711946207760473, 1.4950248897297018]","[0.598939918220492, 1.3394473118198893, 0.5679020268428683, 0.8569341713329149, 0.977581421010016]",2079.157462862,1705501003.8296893,10000
13,"[1.361621138709724, 1.2861894331535146, 0.9942841638612502, 0.872798807944423, 1.2078840025520878, 0.6963376029371016, 0.9651912117985884, 1.0599393935229142]",9157,"['tanh', 'tanh', 'tanh', 'tanh', 'tanh', 'tanh', 'tanh', 'tanh']",2,526.801912191,"[2000, 2000, 2000, 2000, 2000, 2000, 2000, 2000]",0.1288,8,{'runtime': 4123},14,4123.962014198303,60000,1,"[0.7, 0.7, 0.7, 0.7, 0.7, 0.7, 0.7, 0.7]","[0.18857243916435532, 0.04925270552212809, 0.027298220346305246, 0.02495131472317832, 0.14645013440374868, 0.08346776003437888, 0.04495918566863989, 0.19329155080122687]",4114.593385484,10000,"[0.5920851517431005, 1.1589427638477183, 0.9339155719384976, 1.367740249456873, 0.94363555149149, 0.6124108638621591, 1.1357921543955205, 1.3298126762431972]","[1.4722291319333611, 1.45433749418514, 1.386302469292255, 0.7287958105819221, 0.747769303864035, 0.5798766352159643, 0.7414114020144624, 1.3426384262508806]",3587.791421543,1705498593.7713351,16000
14,"[0.9467578573471196, 0.5976701237335974, 0.8188364073392825, 0.5181634433116711, 1.039205059327223, 1.1739117881543717, 1.2478941970436843, 0.7890569459832187, 0.5194602831644202, 1.267450104804626]",1425,"['tanh', 'tanh', 'tanh', 'tanh', 'tanh', 'tanh', 'tanh', 'tanh', 'tanh', 'tanh']",2,670.664374971,"[2000, 2000, 2000, 2000, 2000, 2000, 2000, 2000, 2000, 2000]",0.137,10,{'runtime': 5395},14,5396.760526895523,60000,1,"[0.7, 0.7, 0.7, 0.7, 0.7, 0.7, 0.7, 0.7, 0.7, 0.7]","[0.03210806033972687, 0.03892744436357898, 0.047729982893414256, 0.11883731492623197, 0.06050184587277464, 0.09236723463303824, 0.01500154077337384, 0.04746037198335896, 0.0574178871086133, 0.08856976938328902]",5385.01350413,10000,"[1.1029132685776362, 1.4711117160831462, 0.9522119428209294, 0.6030491298184073, 1.2603032708689477, 1.2800883787967536, 0.9924303771284118, 1.2677153340272809, 0.7105700128010468, 0.5804654135548001]","[1.2948792592545983, 1.208821935412609, 0.5339948248663996, 1.485549040544953, 0.9465676738545764, 0.9578132895577864, 0.7197777210280181, 0.9664315175410364, 0.5228927810576602, 1.1944468575803326]",4714.349073169,1705494447.444548,20000
15,[1.1020429183715916],1910,['tanh'],2,18.274629334,[2000],0.1337,1,{'runtime': 137},14,138.48897123336792,60000,1,[0.7],[0.12954759698199764],135.355305263,10000,[1.0666654155393376],[1.113109211428716],117.080620729,1705489047.2732882,2000
16,"[1.3603698787347414, 0.8167289564434458, 1.0637354930788865]",9911,"['tanh', 'tanh', 'tanh']",2,179.720907341,"[2000, 2000, 2000]",0.1277,3,{'runtime': 1314},14,1315.9914531707764,60000,1,"[0.7, 0.7, 0.7]","[0.151009486384395, 0.08974514246523412, 0.08180360119220809]",1311.147389209,10000,"[1.077416760237627, 0.5928874773742618, 1.0843665320406108]","[1.0726937011246602, 1.414567971132366, 1.309581299107484]",1131.426429298,1705488905.1770492,6000
17,"[1.1678899593247325, 1.0659359707048324, 0.7184694886302072, 1.4105551344535503, 1.3590290066074209]",7129,"['tanh', 'tanh', 'tanh', 'tanh', 'tanh']",2,319.023049562,"[2000, 2000, 2000, 2000, 2000]",0.1277,5,{'runtime': 2399},14,2400.5939087867737,60000,1,"[0.7, 0.7, 0.7, 0.7, 0.7]","[0.17874761189961988, 0.05975032703454364, 0.06012293026651797, 0.12676970402222923, 0.03519364549345495]",2393.843825031,10000,"[0.9625010881190948, 0.9706636937870023, 1.317701438887932, 1.0278228037086197, 1.2083921775391897]","[0.8529598561175802, 1.354320223115273, 0.928404701049972, 1.3017296392742377, 0.8637896048410869]",2074.820722409,1705487585.7772667,10000
18,"[1.0952476800467994, 1.048033068566275, 1.1416861635564362, 0.5276410848731609, 0.5206022215950179, 0.7026109126785214, 0.6334582609304419, 1.008338842510605]",9270,"['tanh', 'tanh', 'tanh', 'tanh', 'tanh', 'tanh', 'tanh', 'tanh']",2,526.572629864,"[2000, 2000, 2000, 2000, 2000, 2000, 2000, 2000]",0.1309,8,{'runtime': 4124},14,4125.717818260193,60000,1,"[0.7, 0.7, 0.7, 0.7, 0.7, 0.7, 0.7, 0.7]","[0.147725215972102, 0.17591962106815673, 0.050832080708621386, 0.18713650952808217, 0.07337011839837464, 0.055386354899468165, 0.0301678231605367, 0.09191766557623564]",4115.885992157,10000,"[0.8759433453278251, 1.498415782525604, 0.6001177522861352, 1.0166238417541795, 1.0739372800223834, 0.5394588191793076, 0.6553559272241113, 1.3128558501444758]","[0.7452291637368967, 0.6398052888146936, 1.1392665349649749, 0.682383100770627, 0.5420842733492603, 0.6049406413961222, 0.5979280385278403, 0.5817703628845431]",3589.313310013,1705485181.4477572,16000
19,"[0.5707542598063089, 0.9648887101006782, 0.6055736188773316, 1.1272776134360785, 1.1455915639614305, 1.003177206199766, 1.3191838419222692, 0.979033573301662, 0.5862770043036464, 0.675118898352509]",184,"['tanh', 'tanh', 'tanh', 'tanh', 'tanh', 'tanh', 'tanh', 'tanh', 'tanh', 'tanh']",2,658.101661957,"[2000, 2000, 2000, 2000, 2000, 2000, 2000, 2000, 2000, 2000]",0.1346,10,{'runtime': 5318},14,5319.707259178162,60000,1,"[0.7, 0.7, 0.7, 0.7, 0.7, 0.7, 0.7, 0.7, 0.7, 0.7]","[0.0365594821207433, 0.18146402687544505, 0.18357358317855343, 0.11235908323965216, 0.13384715942119996, 0.09355734496979014, 0.15342412894535537, 0.0939859962278108, 0.150353105498973, 0.1816442243043371]",5307.916173895,10000,"[0.6823253780633717, 1.3283050439078576, 0.6235550891250244, 1.163615154457033, 0.7345181458187887, 0.5525245135898792, 1.364573962155201, 1.0398505306691677, 1.2613127448295598, 1.3490922808770764]","[1.0708113842067424, 1.3789029197025002, 1.0889657347698596, 0.8934773122514911, 0.942071182606164, 1.1943395734600162, 1.095697603359748, 0.8589932735544964, 1.3650560169540662, 0.6686768899021893]",4649.814456258,1705481050.1865573,20000
20,[0.7663551862262089],542,['tanh'],2,20.594634672,[2000],0.1317,1,{'runtime': 147},14,148.4174520969391,60000,1,[0.7],[0.08291705539239151],145.564135455,10000,[0.9078673604480624],[0.7576190618253743],124.969446013,1705475727.3448832,2000
21,"[1.321045803653855, 1.3921318752791905, 0.6184820882567393]",5115,"['tanh', 'tanh', 'tanh']",2,179.520625729,"[2000, 2000, 2000]",0.1267,3,{'runtime': 1312},14,1313.2890768051147,60000,1,"[0.7, 0.7, 0.7]","[0.0803207636023192, 0.042917445008128094, 0.1868813544274867]",1308.428449587,10000,"[0.5585813757809004, 0.9328703397031314, 1.364461910546928]","[0.981494106457509, 0.7472878000298344, 1.2503691541032813]",1128.907771838,1705475575.5288007,6000
22,"[0.8980671494447943, 1.4036326998926705, 0.5091141950429294, 1.214362577351658, 0.6843081587355894]",3689,"['tanh', 'tanh', 'tanh', 'tanh', 'tanh']",2,317.336452753,"[2000, 2000, 2000, 2000, 2000]",0.1334,5,{'runtime': 2390},14,2391.3550577163696,60000,1,"[0.7, 0.7, 0.7, 0.7, 0.7]","[0.1379822695747851, 0.15518052440886262, 0.13230000388698504, 0.013212180502288666, 0.06094841122205628]",2384.625022399,10000,"[1.108353070990219, 1.2442358662160156, 0.8702316896474391, 0.9025684365508292, 1.2715666294322412]","[0.8368977840061306, 0.825441746126146, 1.4214249025772947, 1.2318483959662625, 1.4281958667555144]",2067.288517516,1705474258.0502486,10000
23,"[0.6000259942246947, 1.064338073516748, 0.9522288644176248, 0.977236189466308, 1.0423061288434017, 1.224343608610145, 1.1793220908182511, 1.1919361387669525]",7593,"['tanh', 'tanh', 'tanh', 'tanh', 'tanh', 'tanh', 'tanh', 'tanh']",2,526.943054604,"[2000, 2000, 2000, 2000, 2000, 2000, 2000, 2000]",0.1335,8,{'runtime': 4132},14,4133.482576847076,60000,1,"[0.7, 0.7, 0.7, 0.7, 0.7, 0.7, 0.7, 0.7]","[0.16570278223645815, 0.051988365281838915, 0.02861828301071251, 0.12659564475687973, 0.1377291001272698, 0.10250732148818718, 0.03731120517386968, 0.03382838199773679]",4123.757326416,10000,"[0.9488554830705678, 1.0113599353148215, 0.9619687915792612, 0.938240955838199, 0.6092585440361884, 1.1254941293227838, 0.7695463148823886, 0.9064700591988708]","[1.1289242868666534, 0.9548606598592756, 0.8493439568060295, 1.497569456618285, 0.7322202594476767, 0.742675756118123, 0.6641204430305251, 1.2711725195736374]",3596.814218002,1705471863.5243895,16000
24,"[0.9547942120714432, 0.8161958611906249, 1.1013973919721662, 0.9385091879671784, 1.2907963425814175, 0.9061223169501056, 1.0134441648752657, 1.1328779013587047, 0.5798800527096025, 0.6902434259155962]",1422,"['tanh', 'tanh', 'tanh', 'tanh', 'tanh', 'tanh', 'tanh', 'tanh', 'tanh', 'tanh']",2,657.486450724,"[2000, 2000, 2000, 2000, 2000, 2000, 2000, 2000, 2000, 2000]",0.1321,10,{'runtime': 5314},14,5315.834775209427,60000,1,"[0.7, 0.7, 0.7, 0.7, 0.7, 0.7, 0.7, 0.7, 0.7, 0.7]","[0.1430677400849198, 0.03506615511861947, 0.05162759613419405, 0.13189737500470156, 0.14138424359749802, 0.09437133695642232, 0.04863127697901446, 0.07898208510576607, 0.15483725122148934, 0.19866754064156456]",5303.811706468,10000,"[0.6262929741453848, 1.446886920107633, 0.5749722108984676, 1.2038270714501669, 0.7486612607089158, 0.6867284358519209, 0.7893037962242531, 1.1581988863772992, 1.0401725051131012, 1.2019779839058202]","[1.4024784279945746, 1.4013316369127855, 1.117848081467598, 1.458065696075162, 1.4739090469497174, 0.5667093107333069, 1.3980609115243012, 1.4563814899780798, 0.7010245121037136, 1.2165445517265507]",4646.325203374,1705467726.8223422,20000
25,[0.9752923746677769],7848,['tanh'],2,17.443049823,[2000],0.1339,1,{'runtime': 130},14,131.5224690437317,60000,1,[0.7],[0.10061634922860876],128.678583536,10000,[1.272946148605456],[1.2046645742547124],111.235482143,1705462407.952663,2000
26,"[0.693974100005245, 0.5091752422671219, 0.8009136706040157]",1513,"['tanh', 'tanh', 'tanh']",2,180.308798179,"[2000, 2000, 2000]",0.1288,3,{'runtime': 1315},14,1316.250685453415,60000,1,"[0.7, 0.7, 0.7]","[0.16525896297300216, 0.023319232912605823, 0.1119877426985589]",1311.263622676,10000,"[1.4096397763136044, 1.2737669237438185, 0.9984957692338235]","[1.0840423468388236, 1.2077076148039287, 1.114558340035098]",1130.954769767,1705462273.1873014,6000
27,"[0.8394639784483992, 1.0926710390932812, 1.4986836111435655, 0.8772012936755539, 0.7482103924895399]",7759,"['tanh', 'tanh', 'tanh', 'tanh', 'tanh']",2,316.940118758,"[2000, 2000, 2000, 2000, 2000]",0.1227,5,{'runtime': 2386},14,2387.250736951828,60000,1,"[0.7, 0.7, 0.7, 0.7, 0.7]","[0.01039032984523186, 0.1829332588380434, 0.13306800021285167, 0.04876077573660494, 0.049256336979515425]",2380.460241403,10000,"[0.6928265564206653, 0.660441648030095, 0.9393207126518126, 1.0520480181958192, 1.2113164483065335]","[0.8121292276205546, 1.492717233413079, 0.7084841720180342, 0.9896188529299528, 0.6450192596198041]",2063.520069825,1705460949.9303749,10000
28,"[0.6561166807185238, 1.3390711477126769, 1.4725922632384656, 1.1891024080231714, 1.0254735637444214, 0.5622374037802127, 0.9213986012442752, 1.133167287189868]",6374,"['tanh', 'tanh', 'tanh', 'tanh', 'tanh', 'tanh', 'tanh', 'tanh']",2,530.376130159,"[2000, 2000, 2000, 2000, 2000, 2000, 2000, 2000]",0.1356,8,{'runtime': 4142},14,4143.49751663208,60000,1,"[0.7, 0.7, 0.7, 0.7, 0.7, 0.7, 0.7, 0.7]","[0.14186482365038988, 0.052615313861868976, 0.1636840459561572, 0.19029895457273743, 0.012764900970913238, 0.15513521450590223, 0.1364211343759289, 0.07750395713494276]",4133.585541421,10000,"[1.4655770211345414, 1.2233454225903264, 0.515246764420645, 0.7871113620270869, 0.8523152328636575, 1.385558015981971, 0.701318327913829, 1.2026996266031569]","[0.8360872123165772, 1.436155009081892, 1.2401056751197856, 0.9038766541162012, 0.8034335683245863, 0.5210819920092451, 1.238439677495073, 1.2643411524680237]",3603.209357612,1705458559.4978397,16000
29,"[0.5696852142668883, 1.0338893013314792, 1.1389577640529307, 1.319416618463355, 1.4588444578418536, 1.4772505583721696, 1.4032640459758512, 1.1640213668433583, 0.6715340196553752, 0.5640733676006244]",891,"['tanh', 'tanh', 'tanh', 'tanh', 'tanh', 'tanh', 'tanh', 'tanh', 'tanh', 'tanh']",2,669.405934071,"[2000, 2000, 2000, 2000, 2000, 2000, 2000, 2000, 2000, 2000]",0.1368,10,{'runtime': 5384},14,5385.743701219559,60000,1,"[0.7, 0.7, 0.7, 0.7, 0.7, 0.7, 0.7, 0.7, 0.7, 0.7]","[0.17377372066275315, 0.02387042998812546, 0.07719369098291026, 0.03635098959918085, 0.1528739802965007, 0.1410189093891992, 0.1261067954617101, 0.06697686579795659, 0.046561431139305255, 0.19710739707856287]",5373.876708144,10000,"[1.02678631295556, 0.6411008209027306, 0.9917320285309192, 1.0668936944021468, 0.8118876025163454, 1.1745563821137877, 0.7098186048876325, 1.2814117162504202, 1.3626011075145148, 0.8942547003040764]","[0.825625943237807, 0.8734946686777696, 1.4064400706212767, 0.5061825109469271, 1.2615535723995948, 1.2159302630107032, 1.2962901982031385, 1.300816687677246, 1.1852426108225544, 1.484867239892916]",4704.470720383,1705454412.5201771,20000
30,[1.3104380325971654],6733,['tanh'],2,18.932312569,[2000],0.1346,1,{'runtime': 138},14,139.87128281593323,60000,1,[0.7],[0.1191986282647053],136.979737774,10000,[1.0362025132823915],[1.183474421062921],118.047372135,1705449022.949931,2000
31,"[1.076546524342052, 1.4715114428469391, 1.4500310190129344]",8958,"['tanh', 'tanh', 'tanh']",2,178.505080313,"[2000, 2000, 2000]",0.1233,3,{'runtime': 1306},14,1310.605591058731,60000,1,"[0.7, 0.7, 0.7]","[0.05090627224639809, 0.08813168292453674, 0.19832761071091515]",1302.769835486,10000,"[0.5003080653939926, 0.7037061344956017, 1.269209857179297]","[1.2278035997000925, 1.3277882385386706, 0.6422624078974586]",1124.264702193,1705448879.716689,6000
32,"[0.520360741072411, 0.7851643599632878, 1.084527353251051, 1.323748283848941, 0.7752997342225986]",5815,"['tanh', 'tanh', 'tanh', 'tanh', 'tanh']",2,316.328305735,"[2000, 2000, 2000, 2000, 2000]",0.13,5,{'runtime': 2383},14,2384.352193593979,60000,1,"[0.7, 0.7, 0.7, 0.7, 0.7]","[0.19115016018164355, 0.14184361890330263, 0.11182380172678329, 0.15332679663895094, 0.14946569459053638]",2377.248110376,10000,"[1.159088294487321, 1.3890667758255817, 0.7878281702955237, 0.9289188204426498, 1.1151650686283343]","[0.5213288293720159, 1.422457473228008, 0.877611350946914, 0.7722628727173998, 0.7688987187827222]",2060.919744431,1705447565.1922526,10000
33,"[0.5023620077536325, 1.306850745504044, 1.04719175935521, 0.6341135038715029, 0.6769887822175532, 1.453532158716476, 0.5166427900508506, 0.6448663654321106]",4292,"['tanh', 'tanh', 'tanh', 'tanh', 'tanh', 'tanh', 'tanh', 'tanh']",2,540.64374513,"[2000, 2000, 2000, 2000, 2000, 2000, 2000, 2000]",0.1299,8,{'runtime': 4190},14,4191.84006357193,60000,1,"[0.7, 0.7, 0.7, 0.7, 0.7, 0.7, 0.7, 0.7]","[0.09531930751568396, 0.19687912427426835, 0.11892783284120556, 0.14094170836664613, 0.1828293034993429, 0.15678303661102186, 0.1855979791122668, 0.12570990767505652]",4181.804311824,10000,"[0.7734255960735774, 0.8272396294354261, 0.5835797774409842, 1.1118828070779738, 1.458288648524391, 0.7871169830749314, 0.6432902875704909, 1.4200593813178637]","[0.9530342949999124, 1.0067110788391869, 1.3951166645117752, 0.5798675456127487, 0.959560110414808, 0.5487843340430837, 1.4626492823944648, 0.670933021604833]",3641.160510534,1705445177.1801736,16000
34,"[1.2792863595339223, 1.4243232015671898, 1.1503745873269926, 0.8003658385145528, 1.1600236512191184, 0.7384308785224983, 0.8383257234544916, 1.2968661638689984, 1.0363059875707257, 0.6532147509060618]",6069,"['tanh', 'tanh', 'tanh', 'tanh', 'tanh', 'tanh', 'tanh', 'tanh', 'tanh', 'tanh']",2,669.707220994,"[2000, 2000, 2000, 2000, 2000, 2000, 2000, 2000, 2000, 2000]",0.1328,10,{'runtime': 5403},14,5404.833975553513,60000,1,"[0.7, 0.7, 0.7, 0.7, 0.7, 0.7, 0.7, 0.7, 0.7, 0.7]","[0.04592895958981739, 0.0139604353172938, 0.09209654838216288, 0.027318687470670497, 0.06454314174333373, 0.03621961421297957, 0.12909570740123918, 0.16114197429775365, 0.1968614176805233, 0.13975877401152612]",5392.583241516,10000,"[0.6564115666917805, 1.0512309376627236, 1.2908294652817318, 0.6482917586159229, 0.915649390677092, 1.2145789121075576, 0.9844949396436512, 0.8209435173493072, 1.4100700399184063, 1.1824095588941512]","[1.008248912848812, 0.9021054332127448, 0.5199227786583756, 0.7619190111248603, 1.234234216047942, 0.7897605442911372, 1.3983284444993158, 1.2232991626432403, 1.4371859945002077, 1.0299616736030657]",4722.875967572,1705440982.1018276,20000
35,[0.6749277296863937],8236,['tanh'],2,20.121068472,[2000],0.1304,1,{'runtime': 148},14,149.07055473327637,60000,1,[0.7],[0.08884100551652589],146.17193864,10000,[0.7843808316671143],[1.024489330223627],126.050811808,1705435573.588235,2000
36,"[1.1384985871747006, 1.3478740191909746, 1.389457748796418]",7827,"['tanh', 'tanh', 'tanh']",2,181.394621022,"[2000, 2000, 2000]",0.1231,3,{'runtime': 1320},14,1321.7200903892517,60000,1,"[0.7, 0.7, 0.7]","[0.18192274666335367, 0.18652062313978535, 0.15447973765943057]",1316.784499963,10000,"[0.5878722225537579, 0.7952169458993575, 0.9713742836889864]","[1.4887648538881817, 1.035316277172364, 1.374691978650287]",1135.389825041,1705435420.5903523,6000
37,"[0.9920582715839024, 0.9820848364885632, 0.6639375365872997, 1.2170612977478965, 1.3034419474691936]",2668,"['tanh', 'tanh', 'tanh', 'tanh', 'tanh']",2,318.409715709,"[2000, 2000, 2000, 2000, 2000]",0.1236,5,{'runtime': 2388},14,2389.389703989029,60000,1,"[0.7, 0.7, 0.7, 0.7, 0.7]","[0.017379304884993323, 0.08004245644387994, 0.18120112517512793, 0.1823556483878988, 0.041869207365319176]",2382.526929789,10000,"[0.592717831341701, 0.8875319061946131, 0.8911808855656596, 0.5503602210950111, 0.9239753383829648]","[0.9057779589297772, 1.0882931608812307, 1.121401736935847, 1.4319239480167405, 1.022240264526442]",2064.11715985,1705434095.120081,10000
38,"[0.6148597797740843, 0.636400368770922, 0.8843149557808773, 1.3751667473446556, 0.8976730279306727, 1.2458022140715943, 1.2622757376944094, 1.3773628749525149]",9182,"['tanh', 'tanh', 'tanh', 'tanh', 'tanh', 'tanh', 'tanh', 'tanh']",2,535.634626856,"[2000, 2000, 2000, 2000, 2000, 2000, 2000, 2000]",0.1264,8,{'runtime': 4180},14,4181.906541585922,60000,1,"[0.7, 0.7, 0.7, 0.7, 0.7, 0.7, 0.7, 0.7]","[0.16460351548382895, 0.19346256173561807, 0.1679167124472228, 0.07184345708977431, 0.19836061623295576, 0.0558219729388737, 0.028627698546943567, 0.16653408716032797]",4172.149240595,10000,"[0.7702243446883438, 0.5129449560096702, 1.4305295671848377, 1.1742413754903598, 0.7389061546875488, 0.7186407124615323, 0.6409468139568996, 1.3411168076207391]","[0.9573682927962158, 1.383786338549398, 1.3075381924708207, 1.438074872812236, 1.106760521853485, 0.8383887747011844, 1.466625544677114, 1.0461366268184835]",3636.514561469,1705431701.6697376,16000
39,"[0.6510135420788055, 1.206040996732657, 1.4558356775962502, 1.4823787990737798, 1.1142868573850144, 0.717711764383166, 0.5730488616454176, 0.7489143509336191, 0.5309837479549724, 1.0367265784630235]",2537,"['tanh', 'tanh', 'tanh', 'tanh', 'tanh', 'tanh', 'tanh', 'tanh', 'tanh', 'tanh']",2,673.128725151,"[2000, 2000, 2000, 2000, 2000, 2000, 2000, 2000, 2000, 2000]",0.133,10,{'runtime': 5434},14,5435.481590747833,60000,1,"[0.7, 0.7, 0.7, 0.7, 0.7, 0.7, 0.7, 0.7, 0.7, 0.7]","[0.1695414656219401, 0.03592831817145791, 0.0564601425639, 0.034937340553087226, 0.01734590830400983, 0.14353314618598684, 0.10981035235848906, 0.08432253674829414, 0.1691048862006827, 0.1831731715495803]",5423.099699096,10000,"[0.5643422719561685, 0.5871167828041169, 0.5274888465407274, 0.7697586196347964, 1.0794379730243917, 1.4509955185060384, 0.6780418960476988, 0.6515751583299331, 1.0515495470748053, 0.7212554007701383]","[0.9962071182980908, 0.830763540055426, 1.117561813100135, 0.6855700620286124, 0.6005017536741515, 1.3854614409642492, 0.6842898446273594, 1.2301418177700971, 1.065992116426217, 0.6976521852505558]",4749.970921775,1705427515.553018,20000
40,[1.2362048580948946],1763,['tanh'],2,19.692259784,[2000],0.131,1,{'runtime': 143},14,144.90184926986694,60000,1,[0.7],[0.017053635322470822],142.088099038,10000,[0.8140209816206417],[0.863959744281838],122.395780385,1705422076.2873013,2000
41,"[1.3235462953291584, 1.297500251932002, 1.3444761511620946]",4911,"['tanh', 'tanh', 'tanh']",2,178.208524839,"[2000, 2000, 2000]",0.1249,3,{'runtime': 1303},14,1304.9751119613647,60000,1,"[0.7, 0.7, 0.7]","[0.15831723879664553, 0.07446919522822465, 0.03257773777816895]",1300.203729175,10000,"[1.0012393322129596, 0.9849294906178596, 1.0899347216134956]","[0.918126556234746, 1.2810999742180036, 0.8462837822389179]",1121.995149866,1705421927.694358,6000
42,"[0.6312837668151003, 1.1597038757633653, 0.7142228682541846, 0.7720034989664531, 1.063984498242793]",5305,"['tanh', 'tanh', 'tanh', 'tanh', 'tanh']",2,317.662011751,"[2000, 2000, 2000, 2000, 2000]",0.128,5,{'runtime': 2388},14,2389.990564107895,60000,1,"[0.7, 0.7, 0.7, 0.7, 0.7]","[0.1623286112197572, 0.10029871095959653, 0.08440718763884379, 0.15999249355082676, 0.05268800581984984]",2383.15420354,10000,"[1.4065385190215762, 1.4986633778662397, 1.0496400270759545, 1.071554685997624, 0.6681676717451375]","[0.9126865923130176, 0.861679278498485, 0.9488581283798349, 0.8011971100602239, 1.0775170169741215]",2065.492138089,1705420615.6573632,10000
43,"[0.5488470906523787, 0.877650997490906, 1.072452551122861, 0.6702914265692643, 0.9445835886146484, 1.125465597206094, 0.8344495697172025, 1.2954359545661522]",9298,"['tanh', 'tanh', 'tanh', 'tanh', 'tanh', 'tanh', 'tanh', 'tanh']",2,536.262684006,"[2000, 2000, 2000, 2000, 2000, 2000, 2000, 2000]",0.1294,8,{'runtime': 4187},14,4188.738641023636,60000,1,"[0.7, 0.7, 0.7, 0.7, 0.7, 0.7, 0.7, 0.7]","[0.13223280392256637, 0.1195621544539983, 0.0834861971112223, 0.17428299726488303, 0.09575774845199884, 0.15690844670012394, 0.0652613869974174, 0.06733951995743621]",4178.669206002,10000,"[0.9089193895624174, 0.7985903947657986, 1.2421713144595647, 1.0369739512217793, 0.9218876398058172, 1.3232494693904893, 1.0862028634341687, 1.2007919329168144]","[0.6455128610819053, 0.6493974491639347, 0.8806644883316848, 1.3160294759079116, 1.2990980170913071, 1.3046224594470972, 0.6869356356386226, 1.0891664968709245]",3642.406460266,1705418221.997188,16000
44,"[1.007027282700296, 1.3271882564091602, 1.328237381698758, 1.0728490137713118, 1.0458471615653924, 0.5717597851440355, 0.708918384736799, 0.840015034282789, 0.8846766267304184, 1.286057376533791]",3060,"['tanh', 'tanh', 'tanh', 'tanh', 'tanh', 'tanh', 'tanh', 'tanh', 'tanh', 'tanh']",2,669.494349694,"[2000, 2000, 2000, 2000, 2000, 2000, 2000, 2000, 2000, 2000]",0.1376,10,{'runtime': 5394},14,5396.08579826355,60000,1,"[0.7, 0.7, 0.7, 0.7, 0.7, 0.7, 0.7, 0.7, 0.7, 0.7]","[0.08772007589034521, 0.10151218710173632, 0.06696659739476642, 0.08560021985020731, 0.14402662336184877, 0.04670594510801337, 0.10618241113591216, 0.09694137676897974, 0.05895622841517978, 0.1949228622548033]",5383.759802369,10000,"[1.131738278664776, 1.2255084163277574, 1.405689073962484, 0.824867190019352, 1.273834087571533, 1.1334380881703616, 1.425081867691172, 0.9100053682927132, 1.1339346577428993, 1.0530657954442435]","[1.4175510409022412, 0.9934939927546518, 0.5236016126339057, 1.3848681004275163, 0.5659633645325751, 0.8009052243601115, 0.8044551525415288, 1.0153241609685382, 1.0411547945640116, 1.077574204208136]",4714.265396745,1705414030.0809882,20000
45,[0.748444136158883],2386,['tanh'],2,17.82767087,[2000],0.1292,1,{'runtime': 130},14,131.61534547805786,60000,1,[0.7],[0.04244569912108765],128.848244064,10000,[0.6354155265189734],[0.9992784865293862],111.020523364,1705408631.0160675,2000
46,"[0.7070711166694619, 1.0452347227766725, 1.2799821447470268]",2550,"['tanh', 'tanh', 'tanh']",2,181.758311503,"[2000, 2000, 2000]",0.1228,3,{'runtime': 1334},14,1335.207011461258,60000,1,"[0.7, 0.7, 0.7]","[0.08724252375071893, 0.05106522815695785, 0.16072454630309957]",1330.413966154,10000,"[0.6249049091772706, 0.798225412105399, 1.4172701317896583]","[1.3474741041578238, 0.8029064533306303, 1.1048846825852556]",1148.655601251,1705408496.0759494,6000
47,"[0.91300517885139, 1.084752673242697, 1.089855929533998, 0.5292177305476113, 1.3212641519993469]",5890,"['tanh', 'tanh', 'tanh', 'tanh', 'tanh']",2,324.528661951,"[2000, 2000, 2000, 2000, 2000]",0.1263,5,{'runtime': 2435},14,2436.168419122696,60000,1,"[0.7, 0.7, 0.7, 0.7, 0.7]","[0.10369857726803595, 0.1071306681737776, 0.1800031453709652, 0.12107929124733484, 0.18289878020277575]",2429.121606301,10000,"[1.2050816388483296, 0.912893785558332, 0.8630464254385732, 0.5766862113428922, 0.9324873776781728]","[0.5026433254012286, 1.2609837730483648, 1.4024915836964142, 1.129631392597532, 0.6603609534105541]",2104.59288919,1705407157.769829,10000
48,"[1.2742454529388074, 0.7382662960793125, 0.5461616508249306, 1.2056281329444394, 0.967885726640102, 1.1478034526082426, 1.064223593820634, 1.2615912383326902]",5537,"['tanh', 'tanh', 'tanh', 'tanh', 'tanh', 'tanh', 'tanh', 'tanh']",2,523.125581901,"[2000, 2000, 2000, 2000, 2000, 2000, 2000, 2000]",0.1286,8,{'runtime': 4092},14,4093.4551656246185,60000,1,"[0.7, 0.7, 0.7, 0.7, 0.7, 0.7, 0.7, 0.7]","[0.1554838041508051, 0.08025556749933035, 0.1949895678741046, 0.04989340401223071, 0.08013541932074793, 0.18599067566181215, 0.1936166089090383, 0.07195142382450219]",4083.561631582,10000,"[0.703728582252932, 1.0169682130562552, 0.5843615316839236, 1.2637760402928668, 1.2383507257663524, 1.0243337031874054, 1.3594127321635097, 1.188818567940522]","[1.1043384518164898, 0.8513962926477924, 1.1647742712125209, 1.3487281975825414, 1.4322785814771906, 0.7161201811888341, 0.5225272586823145, 1.1985843751209746]",3560.435997671,1705404712.5429835,16000
49,"[1.3978186218241395, 0.5204191679377919, 0.9613161410466112, 0.7628436945900522, 0.8359495822338995, 1.0296218837247697, 1.4428289758985744, 1.1676170494716724, 0.6856372137284176, 1.2784958674646765]",2728,"['tanh', 'tanh', 'tanh', 'tanh', 'tanh', 'tanh', 'tanh', 'tanh', 'tanh', 'tanh']",2,681.304388972,"[2000, 2000, 2000, 2000, 2000, 2000, 2000, 2000, 2000, 2000]",0.1393,10,{'runtime': 5485},14,5486.22542142868,60000,1,"[0.7, 0.7, 0.7, 0.7, 0.7, 0.7, 0.7, 0.7, 0.7, 0.7]","[0.11219024614615912, 0.07253087203647135, 0.0375204433572146, 0.10115983185086186, 0.10165362453581168, 0.1308969323886203, 0.1925375497675556, 0.06157676882791664, 0.11283034391412931, 0.1987459746198545]",5469.910564667,10000,"[1.4063246363188489, 0.8406431662252514, 0.7267908113849778, 0.6516524765358435, 1.196654027611368, 0.6536221427298182, 0.7804380936704004, 1.215220447083726, 1.4520258199611566, 0.8905964163712208]","[0.5273582988168056, 1.0102742977031665, 1.2471312746212473, 0.6486780995859456, 0.7006159213602732, 0.5152769439658258, 0.733458209827922, 0.7900203571321828, 0.8142190210040856, 1.0562670542373191]",4788.524203051,1705400615.4517703,20000
