,Layers,alphas,sigmas,densities,Total nodes,Train length,rhos,seed,Nodes per layer,Initial transient,R_scalings,Train time,Error,_runtime,_wandb,Total time,_step,sgmds,_timestamp,Test length,Resized,Test time
0,1,1,0.6495272331976769,0.08806283546126249,2000,60000,0.9891090033310164,8692,2000,0,0.9641446527944456,88.408245893,0.0307,100.20728707313538,{'runtime': 98},96.072560795,1,['<PyCall.jlwrap tanh>'],1696920818.7557092,10000,14,7.664274332
1,2,"[1, 1]","[0.8494836678803716, 0.7380339728147935]","[0.14234141269449152, 0.17842679882178034]",4000,60000,"[0.676578354043392, 1.164907985565589]",9139,"[2000, 2000]",0,"[0.8683881706608612, 1.0542581013030363]",115.036159513,0.0461,136.12883234024048,{'runtime': 132},127.310715031,1,"['<PyCall.jlwrap tanh>', '<PyCall.jlwrap tanh>']",1696920711.9499943,10000,14,12.274508363
2,3,"[1, 1, 1]","[1.3707849760142496, 1.488331426323865, 1.3313479894283042]","[0.018301448697589477, 0.04516623870345927, 0.1467283504294026]",6000,60000,"[1.0538297420247071, 0.8313405239830102, 1.3287547258668218]",3794,"[2000, 2000, 2000]",0,"[0.7816397223334405, 0.7000333857454298, 1.083980453499432]",143.053115277,0.0655,169.5915744304657,{'runtime': 168},160.122877449,1,"['<PyCall.jlwrap tanh>', '<PyCall.jlwrap tanh>', '<PyCall.jlwrap tanh>']",1696920568.1713114,10000,14,17.06964439
3,4,"[1, 1, 1, 1]","[1.3619672950301775, 1.2398574399802436, 1.1207885243856164, 1.1750685826529523]","[0.16379571578001423, 0.1993487196673867, 0.17842357931913927, 0.02694390245858228]",8000,60000,"[0.5068774525614842, 1.2498633965921302, 1.2953242808500662, 1.315581910112614]",2066,"[2000, 2000, 2000, 2000]",0,"[1.3977409836728447, 1.369677031920738, 0.640055099716447, 1.297046082656455]",174.148961579,0.0855,208.65364623069763,{'runtime': 207},196.77795105,1,"['<PyCall.jlwrap tanh>', '<PyCall.jlwrap tanh>', '<PyCall.jlwrap tanh>', '<PyCall.jlwrap tanh>']",1696920391.997316,10000,14,22.628918352
4,5,"[1, 1, 1, 1, 1]","[0.7241207461608417, 0.7321045885615132, 1.1757805959951082, 0.8426267191668412, 1.3205626059614546]","[0.16912271758159375, 0.06357220887492093, 0.09212575386927144, 0.0605637372862627, 0.195187618312455]",10000,60000,"[0.5980277016120621, 1.0584522963370808, 0.979494801665371, 1.1361300218685138, 0.5028110989545796]",354,"[2000, 2000, 2000, 2000, 2000]",0,"[1.3940751877296953, 0.972293510375436, 1.470053258968331, 0.7571692386100105, 0.9447034492624832]",207.355909555,0.094,247.01116800308228,{'runtime': 245},235.92280864,1,"['<PyCall.jlwrap tanh>', '<PyCall.jlwrap tanh>', '<PyCall.jlwrap tanh>', '<PyCall.jlwrap tanh>', '<PyCall.jlwrap tanh>']",1696920176.60548,10000,14,28.566860762
5,6,"[1, 1, 1, 1, 1, 1]","[0.9668980996575064, 1.3190180624988483, 1.059036159116758, 0.8498267192179152, 1.2718125377421972, 1.0649900116741633]","[0.17461960868547147, 0.18495035522535824, 0.03589615532254421, 0.09462411448356745, 0.10285862906977816, 0.10570978704064728]",12000,60000,"[0.9328258823307264, 1.4674253294212267, 1.0100583571855566, 1.131385714278368, 0.5396462974414223, 0.5738517510358337]",9066,"[2000, 2000, 2000, 2000, 2000, 2000]",0,"[0.643441852565454, 1.3775975188152674, 1.1832112994187125, 1.4545576786083674, 0.7497320634505168, 1.0387700466910958]",247.461458533,0.1071,298.4722056388855,{'runtime': 297},285.235500283,1,"['<PyCall.jlwrap tanh>', '<PyCall.jlwrap tanh>', '<PyCall.jlwrap tanh>', '<PyCall.jlwrap tanh>', '<PyCall.jlwrap tanh>', '<PyCall.jlwrap tanh>']",1696919924.1727855,10000,14,37.773970058
6,7,"[1, 1, 1, 1, 1, 1, 1]","[0.9431464862317054, 1.343105287110134, 0.7733127810554715, 1.4807087436244624, 1.3743026614293354, 1.3773539673961814, 0.5381987750233278]","[0.08720768329247863, 0.11002887987978632, 0.06095285719447318, 0.0676111628917897, 0.04344803557535734, 0.1913238194173995, 0.06707790038737758]",14000,60000,"[1.480182523115106, 1.292372882982109, 1.379421305547792, 1.1188710534763184, 0.6581979599386962, 1.338193999622088, 0.689250049419775]",2895,"[2000, 2000, 2000, 2000, 2000, 2000, 2000]",0,"[0.7539486456835075, 1.2598623919011236, 0.9065917244469808, 0.944295642952848, 1.283321884257084, 0.930190951309915, 0.9813882603776808]",283.005376366,0.1149,346.02710127830505,{'runtime': 344},325.087096009,1,"['<PyCall.jlwrap tanh>', '<PyCall.jlwrap tanh>', '<PyCall.jlwrap tanh>', '<PyCall.jlwrap tanh>', '<PyCall.jlwrap tanh>', '<PyCall.jlwrap tanh>', '<PyCall.jlwrap tanh>']",1696919619.2761102,10000,14,42.081679341
7,8,"[1, 1, 1, 1, 1, 1, 1, 1]","[0.8971802375408828, 0.8351121742955055, 1.0691106499218772, 1.1686569622626208, 1.053771407956087, 1.0922022858203946, 0.568789548416601, 1.0619340261757624]","[0.1892167537216202, 0.05050407382599346, 0.1828867765053718, 0.13927201807117345, 0.10872327535741458, 0.1392410650140035, 0.018620133579692257, 0.08711233607259652]",16000,60000,"[1.1514827023737444, 0.5171731468346621, 1.3894544508322602, 0.9808129146018496, 0.5457016839564341, 1.0232072120537907, 0.8399096262473895, 1.243013254781546]",8687,"[2000, 2000, 2000, 2000, 2000, 2000, 2000, 2000]",0,"[0.5066010076085662, 1.246060978830557, 0.8463119951996122, 1.169543411864229, 1.3932238363309712, 0.9820202852572072, 0.7132008916070305, 0.5806386375254248]",355.402173214,0.123,432.1343138217926,{'runtime': 430},410.480512241,1,"['<PyCall.jlwrap tanh>', '<PyCall.jlwrap tanh>', '<PyCall.jlwrap tanh>', '<PyCall.jlwrap tanh>', '<PyCall.jlwrap tanh>', '<PyCall.jlwrap tanh>', '<PyCall.jlwrap tanh>', '<PyCall.jlwrap tanh>']",1696918334.7975678,10000,14,55.078284916
8,9,"[1, 1, 1, 1, 1, 1, 1, 1, 1]","[1.048304483864671, 0.9950415771924828, 0.7952399225511402, 1.0639511715195686, 0.7408228607255953, 1.2256618852002026, 0.5121486658697951, 0.5082925875442358, 1.457754687811263]","[0.1825184537038099, 0.12898359789447664, 0.04448014256436542, 0.020392677046127357, 0.0980534787963936, 0.14405976032872406, 0.0649515778568552, 0.05706665925697873, 0.01325007508547406]",18000,60000,"[1.0282396489313297, 0.6301876822069399, 1.1730280451038206, 1.1678589831325774, 1.1989406189103, 1.000250158489711, 1.467777500975972, 0.5857778422275773, 1.3954230808600667]",8999,"[2000, 2000, 2000, 2000, 2000, 2000, 2000, 2000, 2000]",0,"[1.116744182669872, 0.8126424073234243, 0.8415790355132242, 1.1317988602001283, 0.7299942566853633, 0.8532217103330406, 1.1998479864879634, 1.4180421722631331, 1.01872708052556]",387.125969384,0.1294,470.91465759277344,{'runtime': 469},447.229078031,1,"['<PyCall.jlwrap tanh>', '<PyCall.jlwrap tanh>', '<PyCall.jlwrap tanh>', '<PyCall.jlwrap tanh>', '<PyCall.jlwrap tanh>', '<PyCall.jlwrap tanh>', '<PyCall.jlwrap tanh>', '<PyCall.jlwrap tanh>', '<PyCall.jlwrap tanh>']",1696917891.1545217,10000,14,60.103064354
9,10,"[1, 1, 1, 1, 1, 1, 1, 1, 1, 1]","[1.4168065684363378, 0.9651369888036656, 0.8831794117419244, 0.7888853980433256, 1.1475722344571857, 0.769954029741337, 1.4032391057916054, 1.3289838637238405, 0.8898565966648648, 0.7298866132035422]","[0.07113784052518364, 0.0637263094193199, 0.05646086287714678, 0.09141522801624728, 0.054101870293877544, 0.09266310824990442, 0.08344533000712423, 0.18820645428913915, 0.01748439220140272, 0.13458858453718509]",20000,60000,"[1.0120053874818478, 0.6116641549281041, 1.4709999990627542, 1.0628553468055577, 1.117048265991673, 0.8041664303711706, 1.27272124285275, 0.9869119902126352, 1.262768314156235, 0.5011463094457769]",2476,"[2000, 2000, 2000, 2000, 2000, 2000, 2000, 2000, 2000, 2000]",0,"[0.8438027476641743, 1.079510546509999, 1.4225950460677343, 1.0283307516161453, 1.1578997835377725, 0.7213430248781193, 1.3523922247921554, 0.5150383673175123, 0.594170637390138, 1.3187241740627775]",439.926371566,0.1306,536.3078625202179,{'runtime': 535},505.663123369,1,"['<PyCall.jlwrap tanh>', '<PyCall.jlwrap tanh>', '<PyCall.jlwrap tanh>', '<PyCall.jlwrap tanh>', '<PyCall.jlwrap tanh>', '<PyCall.jlwrap tanh>', '<PyCall.jlwrap tanh>', '<PyCall.jlwrap tanh>', '<PyCall.jlwrap tanh>', '<PyCall.jlwrap tanh>']",1696917408.7885776,10000,14,65.605201293
10,1,1,0.7465877687104446,0.1137022671606,2000,60000,1.445028232234553,7609,2000,0,0.5099487680061838,88.914304906,0.0328,100.58446478843688,{'runtime': 99},96.635888978,1,['<PyCall.jlwrap tanh>'],1696880332.0350497,10000,14,7.721513298
11,2,"[1, 1]","[0.7122388125229974, 1.1244927472192894]","[0.13845198767856892, 0.15878073390224332]",4000,60000,"[1.0501415160832128, 1.0629239215321546]",7205,"[2000, 2000]",0,"[1.285847647909334, 0.612489827850715]",115.35593705,0.0448,134.3323929309845,{'runtime': 133},127.683119615,1,"['<PyCall.jlwrap tanh>', '<PyCall.jlwrap tanh>']",1696880226.871488,10000,14,12.327104508
12,3,"[1, 1, 1]","[1.2408860303545874, 0.5517953555986601, 0.7547874831586955]","[0.06069579894640383, 0.1696926606188203, 0.01659039455761206]",6000,60000,"[1.27364035722173, 1.0031111732438491, 1.4557358833141711]",3949,"[2000, 2000, 2000]",0,"[0.8318670339492963, 1.2718870120332284, 0.6327743825681357]",143.399219986,0.0623,170.1634955406189,{'runtime': 168},160.61187222,1,"['<PyCall.jlwrap tanh>', '<PyCall.jlwrap tanh>', '<PyCall.jlwrap tanh>']",1696880088.1023176,10000,14,17.212574757
13,4,"[1, 1, 1, 1]","[1.39533998633124, 0.6057041783911068, 0.5554091672951578, 1.469236464359965]","[0.09176517371344552, 0.08086480120517454, 0.1867513020598519, 0.13152054811822125]",8000,60000,"[0.9914085812932866, 0.926922604163655, 0.9469372102771908, 1.3167819218999908]",5106,"[2000, 2000, 2000, 2000]",0,"[0.7958706062815036, 1.153319669927539, 0.9481309349107954, 0.781696757508475]",172.970298465,0.0837,208.00033950805664,{'runtime': 206},195.305326649,1,"['<PyCall.jlwrap tanh>', '<PyCall.jlwrap tanh>', '<PyCall.jlwrap tanh>', '<PyCall.jlwrap tanh>']",1696879912.6894076,10000,14,22.334982718
14,5,"[1, 1, 1, 1, 1]","[1.428695538750996, 0.6601129890651541, 1.4482771904071283, 0.6743304799464395, 1.0301537372229248]","[0.08943572277785115, 0.06362068160158697, 0.16040051650123271, 0.07491654908949878, 0.13210858730054467]",10000,60000,"[0.6682218594293124, 1.4047886769198044, 0.8021165728716588, 0.7476543664435634, 0.9051009488989736]",1019,"[2000, 2000, 2000, 2000, 2000]",0,"[1.2181467421757708, 0.5634769737639002, 1.3557822380911533, 0.8084620702456013, 0.866244337200973]",204.439525901,0.0948,247.17643928527832,{'runtime': 246},232.905795717,1,"['<PyCall.jlwrap tanh>', '<PyCall.jlwrap tanh>', '<PyCall.jlwrap tanh>', '<PyCall.jlwrap tanh>', '<PyCall.jlwrap tanh>']",1696879700.2053552,10000,14,28.466194853
15,6,"[1, 1, 1, 1, 1, 1]","[1.0381808601435, 0.6824714677688222, 0.8978594845125518, 1.152148951498832, 0.8778017439744251, 0.5705292373595576]","[0.17111668531499458, 0.14264506811820152, 0.05324994208423231, 0.05642117454965001, 0.015257202340721586, 0.18380799164330305]",12000,60000,"[1.355633827701842, 0.6618314689435099, 1.1762789258597957, 1.4533228720574105, 1.0870514795061448, 1.4904641916092949]",9316,"[2000, 2000, 2000, 2000, 2000, 2000]",0,"[0.8062537196537731, 1.1867900684425892, 0.7992328547512246, 0.7294438888129954, 0.7578554539673471, 1.1309700056240728]",241.391967556,0.1117,293.41084265708923,{'runtime': 292},276.896387434,1,"['<PyCall.jlwrap tanh>', '<PyCall.jlwrap tanh>', '<PyCall.jlwrap tanh>', '<PyCall.jlwrap tanh>', '<PyCall.jlwrap tanh>', '<PyCall.jlwrap tanh>']",1696879448.7171266,10000,14,35.504375163
16,7,"[1, 1, 1, 1, 1, 1, 1]","[1.066683404535332, 1.2104208695263243, 1.3397926672982847, 1.1681926758897636, 1.2011126978776303, 0.6817286836371106, 0.690550196112928]","[0.17367448720975634, 0.11364494206158454, 0.08381247724261012, 0.12379345777364537, 0.07931548421953294, 0.01374003503144565, 0.10465709900828685]",14000,60000,"[0.5843168511843311, 0.6076070748924266, 1.4193463283837042, 0.8678354519386958, 0.6865964504462284, 1.2144247380763833, 1.3724395640202762]",5726,"[2000, 2000, 2000, 2000, 2000, 2000, 2000]",0,"[1.1925746049362158, 0.931292363677582, 0.8069531345784, 1.426218222678456, 0.6849793014391407, 1.3026131750882026, 0.5100923087835607]",280.62031375,0.1208,339.5986216068268,{'runtime': 338},322.821255725,1,"['<PyCall.jlwrap tanh>', '<PyCall.jlwrap tanh>', '<PyCall.jlwrap tanh>', '<PyCall.jlwrap tanh>', '<PyCall.jlwrap tanh>', '<PyCall.jlwrap tanh>', '<PyCall.jlwrap tanh>']",1696879150.9509475,10000,14,42.200898744
17,8,"[1, 1, 1, 1, 1, 1, 1, 1]","[1.100289477004721, 0.8851364450806938, 1.152367265084277, 0.7980278900340836, 1.0980897537891776, 0.6330393184467256, 0.6021374626821312, 0.8260830314638727]","[0.01829413912409558, 0.15668426594970936, 0.11886893152372646, 0.18917342301810905, 0.05091266751978502, 0.06515133447884452, 0.17777716782620784, 0.04294451794796904]",16000,60000,"[0.7189868299200227, 1.1128507869494326, 0.9556358654696712, 1.110557176045697, 0.6017559562016729, 0.5377917107158517, 0.7454713547626217, 0.7186135121744394]",3319,"[2000, 2000, 2000, 2000, 2000, 2000, 2000, 2000]",0,"[1.2936471497773043, 0.7952158649984589, 1.1681026699455912, 1.168555341450964, 0.5188775749090206, 1.1319473139597136, 1.027125015045444, 0.8062032727734993]",314.751249868,0.1212,380.12483739852905,{'runtime': 378},361.027498756,1,"['<PyCall.jlwrap tanh>', '<PyCall.jlwrap tanh>', '<PyCall.jlwrap tanh>', '<PyCall.jlwrap tanh>', '<PyCall.jlwrap tanh>', '<PyCall.jlwrap tanh>', '<PyCall.jlwrap tanh>', '<PyCall.jlwrap tanh>']",1696878806.5830925,10000,14,46.276206498
18,9,"[1, 1, 1, 1, 1, 1, 1, 1, 1]","[0.6061010077049531, 0.759784282339651, 0.8129065962984621, 1.1509283367294003, 1.329311601671549, 1.4863914955148858, 0.9499189183320448, 0.710864213612198, 1.022919281085469]","[0.042395282893359046, 0.034481396285142164, 0.06233385922756811, 0.0919419469208244, 0.1974773760629513, 0.19771496641782885, 0.13209714985534432, 0.0481149682114137, 0.19557043223327128]",18000,60000,"[1.450286369451267, 1.0531809293937189, 1.2470376133305676, 1.407419626291302, 0.7683737350980833, 1.0143289108124498, 1.494138707979546, 1.30210184319158, 1.1106571655209243]",7119,"[2000, 2000, 2000, 2000, 2000, 2000, 2000, 2000, 2000]",0,"[0.6288478816723152, 1.3223164323302825, 0.8235999189703931, 1.0018570098334327, 0.8670914802908471, 0.8297345864390112, 1.1116042114361393, 0.6532036268786585, 0.9537496707991304]",350.22723345,0.1278,423.0867614746094,{'runtime': 421},402.162928471,1,"['<PyCall.jlwrap tanh>', '<PyCall.jlwrap tanh>', '<PyCall.jlwrap tanh>', '<PyCall.jlwrap tanh>', '<PyCall.jlwrap tanh>', '<PyCall.jlwrap tanh>', '<PyCall.jlwrap tanh>', '<PyCall.jlwrap tanh>', '<PyCall.jlwrap tanh>']",1696878421.6328094,10000,14,51.935648433
19,10,"[1, 1, 1, 1, 1, 1, 1, 1, 1, 1]","[0.7983501027099617, 1.411767100818888, 0.9580704812673064, 0.6405097605357174, 1.01777338297459, 1.206450335816113, 1.2820699949569612, 0.6779504150693912, 1.355683718198098, 1.348491500729493]","[0.1659572116986801, 0.06879473957918301, 0.144635043389514, 0.03749457824352562, 0.08919844500563016, 0.145174562895401, 0.026992403984570507, 0.03716410592236507, 0.048052593834500154, 0.024853465809051328]",20000,60000,"[0.5244195507997279, 1.0769665976243457, 1.190676375953935, 0.9649043585378472, 1.4346421165964949, 0.7790347333698296, 0.6036110145692357, 0.949756909189306, 1.4860736150516194, 1.3375014465878046]",1412,"[2000, 2000, 2000, 2000, 2000, 2000, 2000, 2000, 2000, 2000]",0,"[0.9544989645805804, 1.3544875242932013, 0.7301612729782275, 1.2189290762698848, 1.079789171372561, 1.2057924050558158, 1.4870024583486543, 0.7666253796624547, 0.7946924376175043, 0.8592673705473645]",375.374783148,0.1335,453.6433789730072,{'runtime': 452},431.367459649,1,"['<PyCall.jlwrap tanh>', '<PyCall.jlwrap tanh>', '<PyCall.jlwrap tanh>', '<PyCall.jlwrap tanh>', '<PyCall.jlwrap tanh>', '<PyCall.jlwrap tanh>', '<PyCall.jlwrap tanh>', '<PyCall.jlwrap tanh>', '<PyCall.jlwrap tanh>', '<PyCall.jlwrap tanh>']",1696877992.644061,10000,14,55.992632067
20,1,1,1.3610739426890568,0.09700995748930712,2000,60000,0.533695356550944,7714,2000,0,1.495216934786892,88.399862133,0.0341,100.19340777397156,{'runtime': 98},96.23807062,1,['<PyCall.jlwrap tanh>'],1696877167.8189728,10000,14,7.838164964
21,2,"[1, 1]","[0.5886744893903418, 1.1784906055415283]","[0.01571880971484415, 0.194402750609484]",4000,60000,"[1.3406276949040143, 1.1071906526382196]",2942,"[2000, 2000]",0,"[1.4562094724861545, 0.9550048784204968]",115.787909762,0.0437,135.6634612083435,{'runtime': 133},128.227642397,1,"['<PyCall.jlwrap tanh>', '<PyCall.jlwrap tanh>']",1696877062.8388922,10000,14,12.43968814
22,3,"[1, 1, 1]","[0.9651406227031588, 0.9028085980848588, 0.9354514111079456]","[0.1159864099337946, 0.04807927468367296, 0.11225123724230995]",6000,60000,"[1.229876999468044, 1.2931738181184875, 1.302006901333386]",6303,"[2000, 2000, 2000]",0,"[0.7166333796234433, 0.937367607954002, 1.247182203470906]",143.346206113,0.0634,169.99099135398865,{'runtime': 168},160.453525383,1,"['<PyCall.jlwrap tanh>', '<PyCall.jlwrap tanh>', '<PyCall.jlwrap tanh>']",1696876922.4300914,10000,14,17.107273592
23,4,"[1, 1, 1, 1]","[0.982396464568296, 0.5569130504957898, 1.4147483148956326, 1.1675767093405165]","[0.07838044849749616, 0.1935318003397933, 0.06689568589965053, 0.11473626733393366]",8000,60000,"[1.2920862053847646, 1.3737198470808525, 0.938783797380765, 1.4538365629279912]",5617,"[2000, 2000, 2000, 2000]",0,"[0.960529601566385, 1.193890170383218, 1.192593319609858, 1.2670185149993831]",172.883728162,0.076,207.8098759651184,{'runtime': 206},195.204742398,1,"['<PyCall.jlwrap tanh>', '<PyCall.jlwrap tanh>', '<PyCall.jlwrap tanh>', '<PyCall.jlwrap tanh>']",1696876747.49865,10000,14,22.320944793
24,5,"[1, 1, 1, 1, 1]","[0.8732782632251966, 1.2507796556253623, 1.391758849890671, 1.4418627620240727, 1.0370180350970877]","[0.02676641261770856, 0.11265710797755116, 0.12625500769450146, 0.07981444672308952, 0.12878201835510825]",10000,60000,"[1.157526657706259, 1.074782960148951, 1.288575619784365, 1.287568370905291, 0.6543854413883595]",5704,"[2000, 2000, 2000, 2000, 2000]",0,"[0.5482210032117941, 0.9301044894622392, 1.0681087287311963, 0.6402162915786583, 0.9168807287007888]",205.998007639,0.0963,249.56214785575867,{'runtime': 248},235.075581837,1,"['<PyCall.jlwrap tanh>', '<PyCall.jlwrap tanh>', '<PyCall.jlwrap tanh>', '<PyCall.jlwrap tanh>', '<PyCall.jlwrap tanh>']",1696876535.61267,10000,14,29.077528029
25,6,"[1, 1, 1, 1, 1, 1]","[0.9561421935183988, 1.025945220333801, 1.294350012210823, 1.3640074125900163, 0.8225884352095284, 0.9787094692158964]","[0.07626824212789306, 0.10405082194444584, 0.17987069298879346, 0.13040160388626434, 0.06415722912341473, 0.13029345317663485]",12000,60000,"[0.6649162741400078, 1.193270599990015, 1.1756223947884226, 0.5016737622493164, 0.9079620275775664, 1.1783713125509436]",6138,"[2000, 2000, 2000, 2000, 2000, 2000]",0,"[0.5388272818635125, 1.4806831571451542, 1.4857005397587344, 1.4292294945838262, 0.6212804475217687, 0.6950471414315985]",235.796563363,0.1111,288.82822585105896,{'runtime': 287},271.618893388,1,"['<PyCall.jlwrap tanh>', '<PyCall.jlwrap tanh>', '<PyCall.jlwrap tanh>', '<PyCall.jlwrap tanh>', '<PyCall.jlwrap tanh>', '<PyCall.jlwrap tanh>']",1696876279.884374,10000,14,35.822281613
26,7,"[1, 1, 1, 1, 1, 1, 1]","[1.1177996457647286, 0.8887907826941841, 1.318351862479021, 1.4679269756376194, 1.2403998216598164, 0.7839286119402742, 1.313653028047025]","[0.01518579433088612, 0.18901577283364784, 0.13087811265364274, 0.15897634223763762, 0.06399718731184645, 0.17425768391389906, 0.141880951502607]",14000,60000,"[1.0595694407921457, 0.5539867519602552, 1.2271922514214313, 1.3457329896258057, 0.9590813070493496, 0.7071693225601794, 1.458109194293009]",5844,"[2000, 2000, 2000, 2000, 2000, 2000, 2000]",0,"[1.3198861018657635, 0.9403769542831638, 0.7882023495557573, 0.6181675166561552, 0.7490179432042186, 0.7648926623731015, 1.485321006774413]",278.201110487,0.1204,337.672016620636,{'runtime': 336},319.862790255,1,"['<PyCall.jlwrap tanh>', '<PyCall.jlwrap tanh>', '<PyCall.jlwrap tanh>', '<PyCall.jlwrap tanh>', '<PyCall.jlwrap tanh>', '<PyCall.jlwrap tanh>', '<PyCall.jlwrap tanh>']",1696875987.0307295,10000,14,41.66163322
27,8,"[1, 1, 1, 1, 1, 1, 1, 1]","[1.092944659556476, 1.4283939394442209, 1.055657338926585, 1.3104471476197213, 0.5740503656596728, 0.8127158841283594, 0.8237465153400213, 1.4133948321523169]","[0.10383213935267462, 0.03907384875026524, 0.13257276682595032, 0.15745533634086176, 0.16726930830670195, 0.1184447145218897, 0.03836624908727308, 0.14111783887723875]",16000,60000,"[1.2418024303439728, 0.8210769030698425, 0.7916863463872542, 0.554387817762059, 1.4557561976140927, 0.7249234203495738, 0.7569195579050101, 1.1265159509256044]",7270,"[2000, 2000, 2000, 2000, 2000, 2000, 2000, 2000]",0,"[0.9413074788403764, 1.1967628438095717, 0.7902237468416414, 0.6391948739520765, 1.1808153928889702, 0.6752765269133952, 1.0987310131109638, 1.289006272238049]",315.516040475,0.1244,381.4292776584625,{'runtime': 380},362.880351136,1,"['<PyCall.jlwrap tanh>', '<PyCall.jlwrap tanh>', '<PyCall.jlwrap tanh>', '<PyCall.jlwrap tanh>', '<PyCall.jlwrap tanh>', '<PyCall.jlwrap tanh>', '<PyCall.jlwrap tanh>', '<PyCall.jlwrap tanh>']",1696875644.9857426,10000,14,47.364237422
28,9,"[1, 1, 1, 1, 1, 1, 1, 1, 1]","[1.3194674533721296, 0.8008041155093666, 1.3897280131702772, 1.2564872423702436, 1.1920654825976356, 1.4782834525653468, 0.9966154438514871, 0.5292658736737883, 0.8514712853745405]","[0.1481926449838768, 0.12201146565103244, 0.10057633768469626, 0.048120157029997494, 0.03312053402394739, 0.1258484888212704, 0.19658726954604228, 0.10073689841434344, 0.19797025340265195]",18000,60000,"[0.8705801894656173, 0.7830778399982697, 1.3830563163974583, 0.8620890959420916, 1.3849792016685625, 0.7535434855568939, 0.549532632455472, 1.1487559936009046, 0.7561364066186632]",9039,"[2000, 2000, 2000, 2000, 2000, 2000, 2000, 2000, 2000]",0,"[1.325457751389746, 0.976099872345894, 1.455100192562818, 0.837301268994291, 0.7947947376450318, 0.5206022179110986, 0.908231829541298, 0.915176312300574, 0.8870221376429505]",346.052172039,0.1285,419.3278636932373,{'runtime': 418},398.3911307,1,"['<PyCall.jlwrap tanh>', '<PyCall.jlwrap tanh>', '<PyCall.jlwrap tanh>', '<PyCall.jlwrap tanh>', '<PyCall.jlwrap tanh>', '<PyCall.jlwrap tanh>', '<PyCall.jlwrap tanh>', '<PyCall.jlwrap tanh>', '<PyCall.jlwrap tanh>']",1696875258.9674995,10000,14,52.338886315
29,10,"[1, 1, 1, 1, 1, 1, 1, 1, 1, 1]","[1.0422966604049273, 1.336806316342404, 1.3075362539102169, 0.986874332229406, 1.3402753024071627, 1.2537120930079937, 0.9960685707722798, 0.9091428373124812, 1.318386909045429, 0.8395717357894333]","[0.1545835370176521, 0.028140623313120505, 0.08400161083367816, 0.12494862726490572, 0.12961701092129846, 0.05477903851689215, 0.16275774648181193, 0.11552847139308592, 0.07318062891658761, 0.08426766015060488]",20000,60000,"[0.7025775146522688, 0.7981111190073588, 0.5939902341025587, 1.0431159287873033, 0.902870510545945, 1.463868293900563, 1.496481708263791, 1.1542061574282103, 1.0462679429884338, 1.4355516913089756]",4403,"[2000, 2000, 2000, 2000, 2000, 2000, 2000, 2000, 2000, 2000]",0,"[0.5245602309138606, 0.759268876786888, 1.1196156051256976, 0.5787421301037509, 1.0202539703085267, 0.811329486695092, 0.7029431595635828, 1.0356921771729537, 0.6057385247405119, 0.584154699637022]",372.914602677,0.131,451.30689454078674,{'runtime': 450},428.82558397,1,"['<PyCall.jlwrap tanh>', '<PyCall.jlwrap tanh>', '<PyCall.jlwrap tanh>', '<PyCall.jlwrap tanh>', '<PyCall.jlwrap tanh>', '<PyCall.jlwrap tanh>', '<PyCall.jlwrap tanh>', '<PyCall.jlwrap tanh>', '<PyCall.jlwrap tanh>', '<PyCall.jlwrap tanh>']",1696874835.5109994,10000,14,55.910938252
30,1,1,1.0524648403521222,0.08467523262289976,2000,60000,1.176096922555829,2858,2000,0,0.8464093352551842,87.836542166,0.0338,98.57550263404846,{'runtime': 97},95.396300744,1,['<PyCall.jlwrap tanh>'],1696872444.4573646,10000,14,7.55970691
31,2,"[1, 1]","[1.0763977986823503, 1.0326078625893]","[0.10448777772886526, 0.11997823717413036]",4000,60000,"[1.487219315645071, 1.4943360976899118]",7090,"[2000, 2000]",0,"[1.0454422138132942, 0.6185323416399146]",115.375569908,0.0472,132.6150803565979,{'runtime': 131},127.57262985,1,"['<PyCall.jlwrap tanh>', '<PyCall.jlwrap tanh>']",1696872341.6628633,10000,14,12.197017
32,3,"[1, 1, 1]","[0.5169704956262328, 0.8685106201121232, 0.9650616852805964]","[0.06825965773786377, 0.040819158890296615, 0.06551226238166051]",6000,60000,"[1.2400454265656848, 1.0721179682653723, 1.072344521286662]",2005,"[2000, 2000, 2000]",0,"[0.5716467973899814, 0.5010686831393778, 0.5664191356488273]",142.578351796,0.0616,166.19943475723267,{'runtime': 164},159.461027019,1,"['<PyCall.jlwrap tanh>', '<PyCall.jlwrap tanh>', '<PyCall.jlwrap tanh>']",1696872200.154749,10000,14,16.882632923
33,4,"[1, 1, 1, 1]","[0.8904563226273227, 0.649117142609939, 0.97873785822492, 1.1420576771342632]","[0.0381932039617903, 0.09070953355619904, 0.09511026903997832, 0.15368015858057063]",8000,60000,"[1.084906314070174, 0.698291621410278, 1.0145547957630507, 0.6614915303546641]",444,"[2000, 2000, 2000, 2000]",0,"[1.0728338169422826, 1.2927518895138623, 1.418194934952211, 0.8525250251706735]",173.619706028,0.0792,204.9555058479309,{'runtime': 203},196.140007033,1,"['<PyCall.jlwrap tanh>', '<PyCall.jlwrap tanh>', '<PyCall.jlwrap tanh>', '<PyCall.jlwrap tanh>']",1696872029.2106638,10000,14,22.5202027
34,5,"[1, 1, 1, 1, 1]","[1.0704365821564157, 0.9260961869347468, 0.6147735887799716, 0.5082772133162702, 1.3564606642252677]","[0.1829209026139017, 0.06610197243401097, 0.06357620529055225, 0.02908094325619273, 0.08845446950328206]",10000,60000,"[1.034022215398565, 1.1333981781180458, 0.5966047875818484, 0.8663427926305103, 0.8707897059144883]",8797,"[2000, 2000, 2000, 2000, 2000]",0,"[0.8917270930312193, 0.7204387648963405, 1.0045831304040136, 1.4201830413605534, 0.5470344392601489]",206.369040802,0.0922,246.6418981552124,{'runtime': 245},235.931088823,1,"['<PyCall.jlwrap tanh>', '<PyCall.jlwrap tanh>', '<PyCall.jlwrap tanh>', '<PyCall.jlwrap tanh>', '<PyCall.jlwrap tanh>']",1696871820.1254702,10000,14,29.562007134
35,6,"[1, 1, 1, 1, 1, 1]","[1.2904078076731202, 1.465260980864894, 1.314249351356334, 0.6171694260432465, 1.1003182099475095, 1.450875753001749]","[0.04898127281261863, 0.08798276299128688, 0.08601459401983538, 0.13675203587979343, 0.07253405259880906, 0.1850848889846781]",12000,60000,"[0.8253894413939559, 1.4550728989145036, 0.9297335542987808, 0.7386819187964324, 1.4132098790899452, 1.4235936965708504]",9393,"[2000, 2000, 2000, 2000, 2000, 2000]",0,"[1.270102460631677, 1.2429831494309012, 1.1899145786678955, 1.0106320943047884, 0.8187001119158662, 0.7133340298720451]",238.832114205,0.1062,287.7384738922119,{'runtime': 286},274.942431811,1,"['<PyCall.jlwrap tanh>', '<PyCall.jlwrap tanh>', '<PyCall.jlwrap tanh>', '<PyCall.jlwrap tanh>', '<PyCall.jlwrap tanh>', '<PyCall.jlwrap tanh>']",1696871569.1119778,10000,14,36.110278722
36,7,"[1, 1, 1, 1, 1, 1, 1]","[0.608113188516227, 1.3845588838852017, 1.389795620331754, 1.2163117646520685, 0.612201047753046, 1.2068982964776835, 0.6756501113676198]","[0.1317826983971333, 0.013761054532526611, 0.10854364840199504, 0.1636820866818827, 0.1811062638675738, 0.07394348138742256, 0.10206060864039526]",14000,60000,"[0.5336133567019715, 0.6273503671622525, 0.8435775178592234, 1.3016694349762463, 0.8871055580639128, 0.9724615165372856, 0.7467429962912091]",2023,"[2000, 2000, 2000, 2000, 2000, 2000, 2000]",0,"[0.6321419481484759, 0.8717902070174713, 1.4005132318421794, 1.1067247007204597, 0.9524368188495862, 1.4602296957428549, 1.1372112906054554]",278.586115783,0.1156,335.2293107509613,{'runtime': 334},320.557295525,1,"['<PyCall.jlwrap tanh>', '<PyCall.jlwrap tanh>', '<PyCall.jlwrap tanh>', '<PyCall.jlwrap tanh>', '<PyCall.jlwrap tanh>', '<PyCall.jlwrap tanh>', '<PyCall.jlwrap tanh>']",1696871276.9280827,10000,14,41.971107476
37,8,"[1, 1, 1, 1, 1, 1, 1, 1]","[0.8697979476853219, 0.9814142949035444, 1.3990417120104124, 0.5184473539259095, 1.3817791785152789, 1.4227510831437875, 0.7922164401451693, 1.36305516215153]","[0.0507101431833015, 0.02095614664014633, 0.05310394713505044, 0.17747075318846595, 0.17112072786199145, 0.030342221502616437, 0.06152045845490283, 0.1875722572177388]",16000,60000,"[1.4165664986464126, 0.8114469247100768, 0.6542065137708634, 1.42123928310577, 1.3681702886636615, 1.471408457105647, 1.1451566169859375, 1.4081272610220734]",8054,"[2000, 2000, 2000, 2000, 2000, 2000, 2000, 2000]",0,"[0.8431172696392658, 0.6596844044218294, 1.3612709620757983, 1.2681620875142254, 1.441246792521305, 1.1906055338548382, 0.9490650171725212, 1.1935309182393872]",316.860652327,0.1235,380.6107819080353,{'runtime': 379},363.967938011,1,"['<PyCall.jlwrap tanh>', '<PyCall.jlwrap tanh>', '<PyCall.jlwrap tanh>', '<PyCall.jlwrap tanh>', '<PyCall.jlwrap tanh>', '<PyCall.jlwrap tanh>', '<PyCall.jlwrap tanh>', '<PyCall.jlwrap tanh>']",1696870937.110195,10000,14,47.10719427
38,9,"[1, 1, 1, 1, 1, 1, 1, 1, 1]","[0.6321320691556448, 1.4963005051829756, 0.7370771011173641, 1.4405320311525152, 0.6221911233040862, 0.6349684749151884, 0.8790177474004125, 0.9531512063766336, 1.2971000670128894]","[0.1831800291925849, 0.03072195250732651, 0.12816574901261368, 0.017095084056004645, 0.026378685544284033, 0.059981868813989266, 0.08993516762217134, 0.013993677288013885, 0.02346529350391644]",18000,60000,"[0.513222885628807, 1.2200618796261298, 0.7035401356395707, 0.6572277938346172, 0.6011128571510432, 1.2484865041486928, 0.8891895904058345, 0.7578272093809116, 0.6839101400139018]",2107,"[2000, 2000, 2000, 2000, 2000, 2000, 2000, 2000, 2000]",0,"[0.7728264142699214, 0.8730265890080402, 0.7607726125460604, 1.0543081298470187, 1.364906705311058, 1.133707375530201, 1.1183010746285869, 0.6769368352938547, 1.4175924418382575]",350.112872255,0.1257,419.8877601623535,{'runtime': 418},401.51113316,1,"['<PyCall.jlwrap tanh>', '<PyCall.jlwrap tanh>', '<PyCall.jlwrap tanh>', '<PyCall.jlwrap tanh>', '<PyCall.jlwrap tanh>', '<PyCall.jlwrap tanh>', '<PyCall.jlwrap tanh>', '<PyCall.jlwrap tanh>', '<PyCall.jlwrap tanh>']",1696870551.056477,10000,14,51.398219937
39,10,"[1, 1, 1, 1, 1, 1, 1, 1, 1, 1]","[0.7769170332332398, 0.6417697851812114, 1.2663682182569038, 0.9328002696365484, 0.9777584281891536, 1.283370293322163, 0.8194163522210627, 1.0938137243568449, 1.1722257906889155, 1.2866499053210123]","[0.019284756881564877, 0.1298589056703979, 0.025539214963798147, 0.16397578552069078, 0.06290513327354741, 0.1653784223538419, 0.12997855030427424, 0.06317222948092718, 0.11454143265401692, 0.11698476137174656]",20000,60000,"[1.3962491414545817, 0.7774920187874155, 1.424941668641962, 0.7765380421844773, 1.170725803194882, 1.220848811040437, 0.8830257986703723, 0.5880339793343868, 1.4038625785557142, 0.7626330568738587]",6855,"[2000, 2000, 2000, 2000, 2000, 2000, 2000, 2000, 2000, 2000]",0,"[1.1104847443231842, 0.7235601399084236, 0.5340329599579897, 1.273140322763462, 0.9193444428645322, 1.2900165750348105, 0.9694555633501292, 0.5502798114028444, 1.2533730905072171, 1.097258338513554]",375.304894892,0.136,452.1445450782776,{'runtime': 450},431.607428368,1,"['<PyCall.jlwrap tanh>', '<PyCall.jlwrap tanh>', '<PyCall.jlwrap tanh>', '<PyCall.jlwrap tanh>', '<PyCall.jlwrap tanh>', '<PyCall.jlwrap tanh>', '<PyCall.jlwrap tanh>', '<PyCall.jlwrap tanh>', '<PyCall.jlwrap tanh>', '<PyCall.jlwrap tanh>']",1696870126.446979,10000,14,56.302438596
40,1,1,1.1688239915488663,0.055344337736924376,2000,60000,0.7289200371273975,6047,2000,0,0.649828709577966,87.897639595,0.0349,98.45946025848389,{'runtime': 97},95.321956869,1,['<PyCall.jlwrap tanh>'],1696869670.1575773,10000,14,7.424279603
41,2,"[1, 1]","[0.895524607206962, 0.5611333712526111]","[0.19530299871018425, 0.0978899117189713]",4000,60000,"[0.5794063161432998, 1.377447964660811]",5651,"[2000, 2000]",0,"[1.0638200923335348, 1.3411957982898597]",115.21223005,0.0439,132.29849123954773,{'runtime': 131},127.270962471,1,"['<PyCall.jlwrap tanh>', '<PyCall.jlwrap tanh>']",1696869567.1868052,10000,14,12.058661567
42,3,"[1, 1, 1]","[1.44884804312378, 1.4004159389440365, 1.3461603975753382]","[0.11367995247499954, 0.101380152152459, 0.1307409886918585]",6000,60000,"[1.0725352784959408, 1.0901125138022127, 1.2775118682717237]",8776,"[2000, 2000, 2000]",0,"[1.1719901447572385, 0.7636345479201256, 0.9996747869013956]",142.28303723,0.0649,166.27127194404602,{'runtime': 165},159.404908354,1,"['<PyCall.jlwrap tanh>', '<PyCall.jlwrap tanh>', '<PyCall.jlwrap tanh>']",1696869430.406549,10000,14,17.121799078
43,4,"[1, 1, 1, 1]","[0.9636614785016666, 0.8328029908423005, 0.7762806385778862, 0.7721995582998747]","[0.011773409472016064, 0.17296566903849922, 0.013272947119000327, 0.19443826834390213]",8000,60000,"[0.6942835938835025, 0.8058498450125439, 0.8004753742132544, 0.5526519070776874]",6810,"[2000, 2000, 2000, 2000]",0,"[0.9648042838745208, 1.0364109682420142, 1.205225798668412, 0.8975782440506774]",171.441808261,0.0743,202.99345445632937,{'runtime': 201},193.945824859,1,"['<PyCall.jlwrap tanh>', '<PyCall.jlwrap tanh>', '<PyCall.jlwrap tanh>', '<PyCall.jlwrap tanh>']",1696869259.2598364,10000,14,22.50394366
44,5,"[1, 1, 1, 1, 1]","[0.5712943315722662, 1.05787220026789, 1.114035026672865, 0.9225883101193084, 0.7440873393593778]","[0.11596662314484492, 0.1626611116738075, 0.1854434790337069, 0.17245365381405667, 0.1720921172855638]",10000,60000,"[0.6926620468901322, 0.814783472665924, 0.906225316416616, 0.5709826683596058, 0.569113977349159]",8139,"[2000, 2000, 2000, 2000, 2000]",0,"[1.186403122079609, 0.5568253828378277, 0.7663071329983343, 1.454946552801376, 0.6835350707771232]",204.496057365,0.0934,245.07240176200867,{'runtime': 243},234.334506035,1,"['<PyCall.jlwrap tanh>', '<PyCall.jlwrap tanh>', '<PyCall.jlwrap tanh>', '<PyCall.jlwrap tanh>', '<PyCall.jlwrap tanh>']",1696869050.8010328,10000,14,29.838408253
45,6,"[1, 1, 1, 1, 1, 1]","[1.4527273125370648, 0.8195546462880384, 0.6005363202522314, 0.60978064101474, 0.8181628075912473, 1.449610957461844]","[0.039662251491408645, 0.04734437784012835, 0.12074893257044578, 0.1349374778871694, 0.02400127219974524, 0.05787626024317175]",12000,60000,"[1.0500853009811275, 1.2659725150208976, 1.0459341606057313, 0.7519319183809163, 0.9294875275174582, 1.4218565670451542]",2251,"[2000, 2000, 2000, 2000, 2000, 2000]",0,"[0.8304278856744732, 0.5541344311204294, 1.1430656042743756, 0.611783817770538, 0.5581215470773658, 0.5369846815574453]",279.534717347,0.1065,348.23485255241394,{'runtime': 346},315.069694729,1,"['<PyCall.jlwrap tanh>', '<PyCall.jlwrap tanh>', '<PyCall.jlwrap tanh>', '<PyCall.jlwrap tanh>', '<PyCall.jlwrap tanh>', '<PyCall.jlwrap tanh>']",1696868800.9694436,10000,14,35.534916584
46,7,"[1, 1, 1, 1, 1, 1, 1]","[0.6040250834431222, 1.1932571371571292, 1.1064079894645251, 1.4560166495874078, 0.5703029864245429, 0.9125554467511966, 0.6957410368018346]","[0.07545513817764667, 0.07841030719240065, 0.07730851648200095, 0.0966106518390574, 0.14399263444262375, 0.19007840013926597, 0.1949529868880389]",14000,60000,"[1.0153857913453643, 1.3131578873875769, 1.3862505115902493, 0.8132287352031915, 0.8198135977539014, 0.7054595276977453, 0.8642396696416325]",584,"[2000, 2000, 2000, 2000, 2000, 2000, 2000]",0,"[0.6191961646351846, 1.0694698013245754, 1.3297531212386122, 1.198860661196698, 0.7193098235077877, 1.234275727156036, 1.2849348419896738]",316.214340706,0.113,401.309063911438,{'runtime': 400},365.529282424,1,"['<PyCall.jlwrap tanh>', '<PyCall.jlwrap tanh>', '<PyCall.jlwrap tanh>', '<PyCall.jlwrap tanh>', '<PyCall.jlwrap tanh>', '<PyCall.jlwrap tanh>', '<PyCall.jlwrap tanh>']",1696868447.9562068,10000,14,49.314845914
47,8,"[1, 1, 1, 1, 1, 1, 1, 1]","[0.914394680545005, 0.5730398656063489, 1.3073540528381455, 0.5936769353735716, 1.3206779035452954, 1.3712233122053503, 1.013247112973123, 0.7583196501904588]","[0.10907641250797193, 0.12691886575544936, 0.10822011634449046, 0.17929039965580731, 0.054815057533446454, 0.1947624173875099, 0.061260387730732925, 0.1663534421967277]",16000,60000,"[0.584479971227792, 0.5468570610319077, 0.6350373948501866, 0.6074657654992203, 0.7902585497137656, 1.024106502096588, 0.5029233587319071, 0.7431398947970127]",6382,"[2000, 2000, 2000, 2000, 2000, 2000, 2000, 2000]",0,"[1.4101601619457045, 0.815769677202045, 1.4716627859862692, 0.6050834096607628, 0.6916238495711294, 1.4685402870924258, 0.9363853720614792, 0.826850688460142]",356.747701969,0.124,456.0872802734375,{'runtime': 454},410.518089729,1,"['<PyCall.jlwrap tanh>', '<PyCall.jlwrap tanh>', '<PyCall.jlwrap tanh>', '<PyCall.jlwrap tanh>', '<PyCall.jlwrap tanh>', '<PyCall.jlwrap tanh>', '<PyCall.jlwrap tanh>', '<PyCall.jlwrap tanh>']",1696868041.0662603,10000,14,53.770310005
48,9,"[1, 1, 1, 1, 1, 1, 1, 1, 1]","[0.6818353820264095, 1.4381174225052504, 1.111981707956955, 1.3790639512241212, 0.8903196789938179, 0.7921656069584899, 1.4795625369448546, 0.5298074300944117, 0.6368339718772941]","[0.08343320472255585, 0.1524627838702101, 0.05128826240461286, 0.17546525042826577, 0.07151350795923357, 0.09423967189874452, 0.17411430656254828, 0.10728571517810628, 0.11991166037422524]",18000,60000,"[0.8433654659572778, 1.3266476342575753, 1.4334945793131388, 1.3905242052710332, 0.7266343852851118, 0.894717218414872, 0.5542260252199045, 0.9149925715016872, 1.4966827604821196]",680,"[2000, 2000, 2000, 2000, 2000, 2000, 2000, 2000, 2000]",0,"[0.5028909860314562, 0.7851891209282563, 1.2439922183459096, 0.8054120974736634, 1.2538449879675526, 0.6919749804729969, 0.9392035845745224, 1.0673975271480676, 0.7749360748446187]",384.711993472,0.1313,481.4679934978485,{'runtime': 480},443.692847727,1,"['<PyCall.jlwrap tanh>', '<PyCall.jlwrap tanh>', '<PyCall.jlwrap tanh>', '<PyCall.jlwrap tanh>', '<PyCall.jlwrap tanh>', '<PyCall.jlwrap tanh>', '<PyCall.jlwrap tanh>', '<PyCall.jlwrap tanh>', '<PyCall.jlwrap tanh>']",1696867579.8243675,10000,14,58.980780849
49,10,"[1, 1, 1, 1, 1, 1, 1, 1, 1, 1]","[0.6153914313020429, 1.4002919819703696, 1.0094405803481474, 1.408351660633747, 1.1176054778016755, 1.2265039518300218, 1.4844498921082758, 0.6695472282579222, 0.7245318873461483, 1.1194499895568712]","[0.08868019752009153, 0.17041521788821842, 0.11876097004565073, 0.030249806710786628, 0.10975079068899722, 0.07687739037964751, 0.13095401984235042, 0.11742463013989926, 0.01090365231869582, 0.02753313948677936]",20000,60000,"[0.890115235978483, 1.3978750439236056, 0.7831002810511298, 0.8101079170397973, 0.5902212971784107, 1.3569356670393549, 0.8523706450830304, 0.7981359947245924, 0.8870100620720826, 1.1322931420473896]",6607,"[2000, 2000, 2000, 2000, 2000, 2000, 2000, 2000, 2000, 2000]",0,"[0.8989372971528791, 1.0511107269135005, 1.0255074524585754, 1.203459009069013, 0.9298041516539658, 1.4429975302637406, 0.9033775686763138, 1.234749346557137, 1.2776571444029663, 0.5439413086882372]",417.404303691,0.1302,521.3919835090637,{'runtime': 520},480.647558405,1,"['<PyCall.jlwrap tanh>', '<PyCall.jlwrap tanh>', '<PyCall.jlwrap tanh>', '<PyCall.jlwrap tanh>', '<PyCall.jlwrap tanh>', '<PyCall.jlwrap tanh>', '<PyCall.jlwrap tanh>', '<PyCall.jlwrap tanh>', '<PyCall.jlwrap tanh>', '<PyCall.jlwrap tanh>']",1696867093.8009684,10000,14,63.20558898
50,1,1,1.4729900792219466,0.1546535935949999,2000,60000,1.4182511386218728,9805,2000,0,0.6410991796581399,87.983956336,0.036,99.33400559425354,{'runtime': 98},95.592935696,1,['<PyCall.jlwrap tanh>'],1696493362.6129496,10000,14,7.608903729
51,2,"[1, 1]","[1.1047391855945237, 1.4325529796690315]","[0.12402589810732932, 0.0482254424981561]",4000,60000,"[0.614980311235497, 1.132745334031929]",9627,"[2000, 2000]",0,"[0.9629756539010964, 0.8902662404227195]",114.994244465,0.0509,133.37286019325256,{'runtime': 132},127.323223489,1,"['<PyCall.jlwrap tanh>', '<PyCall.jlwrap tanh>']",1696493250.7952402,10000,14,12.328935181
52,3,"[1, 1, 1]","[0.6777141145786327, 0.9554759768507428, 1.0561798300794467]","[0.1788650596057986, 0.16154604214084234, 0.17132529058584348]",6000,60000,"[0.7321100024710484, 0.5820525199542003, 1.314035174241384]",7311,"[2000, 2000, 2000]",0,"[0.8606598094612352, 1.0945863121001889, 1.4572033080117124]",142.551925339,0.0607,168.07026386260986,{'runtime': 166},159.354025247,1,"['<PyCall.jlwrap tanh>', '<PyCall.jlwrap tanh>', '<PyCall.jlwrap tanh>']",1696493106.428134,10000,14,16.802043653
53,4,"[1, 1, 1, 1]","[0.8393363547788021, 0.6772189780458278, 1.1846451638506077, 1.2169903980796706]","[0.16778553040370245, 0.06032705126443692, 0.027269672081743065, 0.05468009622253288]",8000,60000,"[1.0038415095659354, 0.8834077058514136, 0.5498717995224257, 1.1240012033594702]",6674,"[2000, 2000, 2000, 2000]",0,"[0.5453021941638002, 0.5460526938133258, 0.55016035609945, 1.299372619974375]",171.001818501,0.0802,205.94207096099856,{'runtime': 204},192.899921421,1,"['<PyCall.jlwrap tanh>', '<PyCall.jlwrap tanh>', '<PyCall.jlwrap tanh>', '<PyCall.jlwrap tanh>']",1696492924.6548018,10000,14,21.898028
54,5,"[1, 1, 1, 1, 1]","[1.3175644719325228, 1.3549179198191768, 0.9640423584436052, 1.4618352576540132, 0.5571037327841059]","[0.016098386211561143, 0.069097061848512, 0.1860322329297155, 0.03480084323179918, 0.029798575241361404]",10000,60000,"[1.347503117159866, 0.834517964368651, 1.2122904037203686, 0.6873845125760415, 1.245639923318164]",631,"[2000, 2000, 2000, 2000, 2000]",0,"[1.47671671813294, 0.6825649077307325, 1.2586387100201848, 0.9733461168680864, 1.078116630288533]",202.802386708,0.0961,246.2159230709076,{'runtime': 241},230.193331934,1,"['<PyCall.jlwrap tanh>', '<PyCall.jlwrap tanh>', '<PyCall.jlwrap tanh>', '<PyCall.jlwrap tanh>', '<PyCall.jlwrap tanh>']",1696492707.969592,10000,14,27.390895202
55,6,"[1, 1, 1, 1, 1, 1]","[1.4604951244296402, 0.6797717725612791, 1.382062929885413, 1.43513679812162, 0.6294119253001202, 1.0271373275238234]","[0.08150741048508932, 0.1276351143740879, 0.058529056380121215, 0.0601296504381073, 0.19777657438291552, 0.14576446421443567]",12000,60000,"[0.601345920444616, 1.1079608667895635, 1.0939568085749307, 0.7070302824271434, 0.6634951660740026, 0.7994834096298741]",5988,"[2000, 2000, 2000, 2000, 2000, 2000]",0,"[1.2236821630495904, 1.0826414500098815, 0.6883979977031689, 1.066512637279429, 0.8276627249870833, 1.0166183524094978]",233.065774929,0.1074,285.549364566803,{'runtime': 283},268.335122243,1,"['<PyCall.jlwrap tanh>', '<PyCall.jlwrap tanh>', '<PyCall.jlwrap tanh>', '<PyCall.jlwrap tanh>', '<PyCall.jlwrap tanh>', '<PyCall.jlwrap tanh>']",1696492450.4305365,10000,14,35.269304814
56,7,"[1, 1, 1, 1, 1, 1, 1]","[1.218258732662055, 1.382614225670214, 0.6268755837846, 0.7044425134185777, 1.1201991997229526, 1.1541239065057407, 0.5322518159701006]","[0.0854451887437145, 0.17903444474868033, 0.05430594363266686, 0.03612537223494509, 0.1247897279110514, 0.12082090212753968, 0.0761149706281211]",14000,60000,"[1.4187974625109274, 0.8130915893987195, 0.7322720756842866, 1.0553352631383954, 1.1927615209874194, 1.0137448087542946, 1.2514670117916329]",5642,"[2000, 2000, 2000, 2000, 2000, 2000, 2000]",0,"[0.5807989892144575, 0.7455654411387583, 1.1596769256781947, 0.6838915485931626, 0.9232952352493952, 0.6350274568664088, 0.6719487053686289]",275.18762829,0.119,334.71051383018494,{'runtime': 333},316.247983962,1,"['<PyCall.jlwrap tanh>', '<PyCall.jlwrap tanh>', '<PyCall.jlwrap tanh>', '<PyCall.jlwrap tanh>', '<PyCall.jlwrap tanh>', '<PyCall.jlwrap tanh>', '<PyCall.jlwrap tanh>']",1696492153.434846,10000,14,41.060257248
57,8,"[1, 1, 1, 1, 1, 1, 1, 1]","[1.3901235032819796, 1.487535828102868, 0.7232438952040027, 0.9189271735902658, 0.5541120204109518, 0.801089412526005, 0.6360229303074764, 1.2896191636418797]","[0.05012216184225315, 0.1359700554097363, 0.14621887885145451, 0.12301711046844346, 0.02313755929141816, 0.07162844341076065, 0.1519696336784507, 0.1572998227932339]",16000,60000,"[1.2370960359380825, 0.552230811258456, 1.324508059420495, 0.7327771993065403, 1.3160591771033807, 0.7041653820293112, 1.1351117162413933, 1.2801530444353917]",8725,"[2000, 2000, 2000, 2000, 2000, 2000, 2000, 2000]",0,"[1.0474063818133224, 1.4308952879964878, 0.7855044967687876, 1.350947761941344, 0.6423423863499921, 0.8039667173046319, 1.066557215677243, 0.7329707918688605]",304.182864973,0.1224,375.2007758617401,{'runtime': 373},349.801888566,1,"['<PyCall.jlwrap tanh>', '<PyCall.jlwrap tanh>', '<PyCall.jlwrap tanh>', '<PyCall.jlwrap tanh>', '<PyCall.jlwrap tanh>', '<PyCall.jlwrap tanh>', '<PyCall.jlwrap tanh>', '<PyCall.jlwrap tanh>']",1696491806.486059,10000,14,45.618980202
58,9,"[1, 1, 1, 1, 1, 1, 1, 1, 1]","[0.9275331892293456, 0.807490601276462, 0.7200406680436688, 1.1143955789848263, 1.2824927339584593, 0.653835943860063, 1.0364726649871716, 1.20790695880546, 0.9199487132323506]","[0.0916206542718005, 0.03294811436709784, 0.03418402883266757, 0.021843449692004448, 0.12806102909622072, 0.17750463266252753, 0.024836760721481388, 0.08232813318414595, 0.0932060781499352]",18000,60000,"[1.1441123292418696, 1.3042183826930849, 0.8341629459947947, 1.3368964211890693, 1.4434078516408395, 0.861825768308729, 0.7573419201611747, 0.8309678501850378, 1.1749409494098555]",2874,"[2000, 2000, 2000, 2000, 2000, 2000, 2000, 2000, 2000]",0,"[1.1775229914236194, 1.1764553927685912, 0.6618765148929895, 0.5428202881931843, 0.8006374978097481, 1.0529951714607255, 1.0217651811952588, 0.999766296750669, 1.0467449015409618]",319.053757866,0.124,384.94087505340576,{'runtime': 383},366.618996971,1,"['<PyCall.jlwrap tanh>', '<PyCall.jlwrap tanh>', '<PyCall.jlwrap tanh>', '<PyCall.jlwrap tanh>', '<PyCall.jlwrap tanh>', '<PyCall.jlwrap tanh>', '<PyCall.jlwrap tanh>', '<PyCall.jlwrap tanh>', '<PyCall.jlwrap tanh>']",1696491420.3220022,10000,14,47.565194683
59,10,"[1, 1, 1, 1, 1, 1, 1, 1, 1, 1]","[1.3981981352532316, 0.703417218274217, 1.426611568040257, 0.9222006312119636, 1.285622078213767, 1.3340789171517389, 1.0631356015798554, 0.6804408268404017, 0.8099506483141805, 1.260601174946966]","[0.04369190170276323, 0.12202906594210536, 0.10032409836101776, 0.15560429830067446, 0.1687761019986575, 0.10908004435100443, 0.12301266255330871, 0.1700923890180947, 0.1426286524039314, 0.0987272784797289]",20000,60000,"[1.46423305265326, 1.0043741665457224, 0.7948275954533227, 0.589585141785688, 1.407082808106519, 1.2084331832912825, 1.4597780518908126, 0.7548730923917216, 1.0374984674245868, 1.370385280225373]",5850,"[2000, 2000, 2000, 2000, 2000, 2000, 2000, 2000, 2000, 2000]",0,"[0.7044316923358769, 0.665183066203026, 0.5577796740344558, 1.4379950624383289, 1.3809918201973934, 1.469383938138186, 0.9760071715604212, 1.1501530969104707, 1.435328859875766, 0.5795592517600593]",344.328435011,0.129,417.72637152671814,{'runtime': 416},396.283418346,1,"['<PyCall.jlwrap tanh>', '<PyCall.jlwrap tanh>', '<PyCall.jlwrap tanh>', '<PyCall.jlwrap tanh>', '<PyCall.jlwrap tanh>', '<PyCall.jlwrap tanh>', '<PyCall.jlwrap tanh>', '<PyCall.jlwrap tanh>', '<PyCall.jlwrap tanh>', '<PyCall.jlwrap tanh>']",1696491024.2899525,10000,14,51.954939092
60,1,1,1.0639245912397008,0.056418212865655064,2000,60000,1.3338011124557072,368,2000,0,1.2933213215948896,87.746019267,0.0349,98.41616773605348,{'runtime': 97},95.123771774,1,['<PyCall.jlwrap tanh>'],1696490595.0231948,10000,14,7.377714175
61,2,"[1, 1]","[0.5405561690467261, 0.8285101970336569]","[0.14913027204233226, 0.18443535133357664]",4000,60000,"[1.176365054116911, 1.274917406347539]",1514,"[2000, 2000]",0,"[1.419385384118637, 1.4364369867855724]",114.872966991,0.0435,132.31014275550842,{'runtime': 130},126.860947254,1,"['<PyCall.jlwrap tanh>', '<PyCall.jlwrap tanh>']",1696490485.9947598,10000,14,11.98790942
62,3,"[1, 1, 1]","[0.703853169417472, 0.868852163135083, 1.2245700477810455]","[0.1736040491109208, 0.16558749372455098, 0.08452841361286681]",6000,60000,"[1.1226621106583048, 1.215641865234265, 0.9007915377973124]",7714,"[2000, 2000, 2000]",0,"[1.495216934786892, 0.957947144680564, 0.533695356550944]",141.385740439,0.061,165.26487493515015,{'runtime': 164},158.140957413,1,"['<PyCall.jlwrap tanh>', '<PyCall.jlwrap tanh>', '<PyCall.jlwrap tanh>']",1696490341.783665,10000,14,16.755171739
63,4,"[1, 1, 1, 1]","[0.6748394956282534, 0.5276294040633621, 0.8905704010579154, 0.6046081137247258]","[0.11306944513780164, 0.13275323897160998, 0.04578785470823595, 0.1041130075242141]",8000,60000,"[0.5000484683178043, 1.1693265247349145, 1.184265178653901, 0.9637273808568404]",1438,"[2000, 2000, 2000, 2000]",0,"[1.2232493789386334, 1.0808719010314454, 0.5766989674277437, 0.5016121437630431]",171.835209197,0.0726,202.17083406448364,{'runtime': 201},193.387002706,1,"['<PyCall.jlwrap tanh>', '<PyCall.jlwrap tanh>', '<PyCall.jlwrap tanh>', '<PyCall.jlwrap tanh>']",1696490165.696232,10000,14,21.551745891
64,5,"[1, 1, 1, 1, 1]","[1.2608407590269843, 1.184135490204465, 1.0904763053485445, 0.8454232168902877, 1.0052972838293095]","[0.013450152049124904, 0.04747848700694565, 0.013337419083069351, 0.1518237812960187, 0.03997445252332061]",10000,60000,"[0.6564425600866881, 1.2455417854516255, 1.2952833517515463, 1.388783433312125, 1.46938147036972]",9543,"[2000, 2000, 2000, 2000, 2000]",0,"[1.1364289928039626, 0.7667065779048976, 1.2822873204742034, 1.4726827505034643, 1.0065693277552947]",201.700867974,0.0972,241.55268836021423,{'runtime': 240},231.149684563,1,"['<PyCall.jlwrap tanh>', '<PyCall.jlwrap tanh>', '<PyCall.jlwrap tanh>', '<PyCall.jlwrap tanh>', '<PyCall.jlwrap tanh>']",1696489952.8922453,10000,14,29.448774941
65,6,"[1, 1, 1, 1, 1, 1]","[0.9200136688578804, 0.9084051143131484, 0.7822771661965744, 0.9259437895039772, 1.0691470450610128, 0.608299448734163]","[0.15789818651373447, 0.09759781360686146, 0.12035901626724414, 0.07484351086979434, 0.058917264758105825, 0.1437601734962497]",12000,60000,"[0.857563658696775, 0.5153844560612815, 0.8631942684211706, 0.6776578001298472, 1.0737523226665195, 0.5568253426825747]",6301,"[2000, 2000, 2000, 2000, 2000, 2000]",0,"[0.6131740252277386, 1.056160586050349, 0.5685955485522273, 0.9612067430996928, 1.1477334934022534, 0.9002986468647299]",233.038928912,0.1044,279.91591119766235,{'runtime': 278},267.24888082,1,"['<PyCall.jlwrap tanh>', '<PyCall.jlwrap tanh>', '<PyCall.jlwrap tanh>', '<PyCall.jlwrap tanh>', '<PyCall.jlwrap tanh>', '<PyCall.jlwrap tanh>']",1696489700.7658231,10000,14,34.209910491
66,7,"[1, 1, 1, 1, 1, 1, 1]","[0.8977188524326536, 0.9391951024121464, 0.769882635935136, 0.6002483386775739, 1.1798480786369403, 1.1710053591666876, 0.6870385015969823]","[0.1857650574699691, 0.02489923230926468, 0.11044011818581466, 0.05852224248193811, 0.06142342211075631, 0.15742247539370102, 0.1660271559602502]",14000,60000,"[0.7561799361049827, 0.8571015469443739, 1.2543926373064962, 1.177825825772473, 0.5704954652989168, 1.0697654213999277, 0.6225485448505145]",1584,"[2000, 2000, 2000, 2000, 2000, 2000, 2000]",0,"[1.2530645942525402, 1.1423849541331412, 1.2587959081710665, 1.3204158195345486, 0.7614671069623025, 0.6077269910958014, 0.9520392847372664]",266.89486674,0.1156,322.5746567249298,{'runtime': 320},305.969826851,1,"['<PyCall.jlwrap tanh>', '<PyCall.jlwrap tanh>', '<PyCall.jlwrap tanh>', '<PyCall.jlwrap tanh>', '<PyCall.jlwrap tanh>', '<PyCall.jlwrap tanh>', '<PyCall.jlwrap tanh>']",1696489409.9244788,10000,14,39.074916569
67,8,"[1, 1, 1, 1, 1, 1, 1, 1]","[0.9171775185820242, 1.399115562488059, 1.2029429067949235, 0.9198284344120874, 0.5968385435185487, 1.0504017231192393, 1.05991877207699, 1.0923430837643429]","[0.01454499985555276, 0.011253137395589047, 0.03153158162203556, 0.13981394230874558, 0.04165002695038825, 0.06267949749779511, 0.04789829683694146, 0.034735493033945006]",16000,60000,"[0.8933054577402683, 0.7111475945543592, 1.2895376045686104, 0.6621542343727566, 0.9324822493067438, 0.8584344774537167, 1.3716397430928278, 0.9728800295545978]",2753,"[2000, 2000, 2000, 2000, 2000, 2000, 2000, 2000]",0,"[0.7297797219288688, 0.6891956423512334, 1.0707310779862458, 0.5680759394692801, 1.4338241697623575, 0.6194267897907954, 1.095730281546562, 0.8526717770520211]",304.300862937,0.1248,364.6107876300812,{'runtime': 363},348.447380484,1,"['<PyCall.jlwrap tanh>', '<PyCall.jlwrap tanh>', '<PyCall.jlwrap tanh>', '<PyCall.jlwrap tanh>', '<PyCall.jlwrap tanh>', '<PyCall.jlwrap tanh>', '<PyCall.jlwrap tanh>', '<PyCall.jlwrap tanh>']",1696489075.6002986,10000,14,44.14647101
68,9,"[1, 1, 1, 1, 1, 1, 1, 1, 1]","[1.2242838822357442, 0.6032028463359195, 0.8577007976773912, 1.3897443163190404, 1.3448630681941809, 0.7914489117285396, 0.5043191026776205, 0.8889511765944199, 1.0455970123159015]","[0.19938798940271457, 0.016909096513215944, 0.1043877455315732, 0.12948401880520524, 0.04931258249477984, 0.02593321677839027, 0.05775817875850556, 0.067055002950489, 0.07479072347370731]",18000,60000,"[1.2420742822933564, 0.8897189624021345, 0.5623002944712839, 1.4264932084488475, 1.102076829280394, 0.6695567662899151, 1.0427874353187936, 0.5473905051323111, 0.7042646626157532]",6581,"[2000, 2000, 2000, 2000, 2000, 2000, 2000, 2000, 2000]",0,"[0.7457109983649016, 0.8210841988091521, 1.3177989481532162, 1.269115938516892, 0.925775175868798, 1.0837426204860658, 0.6971794459125327, 0.9639637838279494, 1.4171675821823293]",321.370654566,0.1302,388.91108751297,{'runtime': 387},371.43562947,1,"['<PyCall.jlwrap tanh>', '<PyCall.jlwrap tanh>', '<PyCall.jlwrap tanh>', '<PyCall.jlwrap tanh>', '<PyCall.jlwrap tanh>', '<PyCall.jlwrap tanh>', '<PyCall.jlwrap tanh>', '<PyCall.jlwrap tanh>', '<PyCall.jlwrap tanh>']",1696488700.4931595,10000,14,50.064918287
69,10,"[1, 1, 1, 1, 1, 1, 1, 1, 1, 1]","[1.1342475302337065, 1.4515505497330814, 0.5614206209612884, 0.5409099447051523, 0.6582395580340533, 0.8982119017443326, 1.4169861735624107, 0.913169362350825, 1.461738183618272, 0.6044036807730698]","[0.014292601567035075, 0.137014767420002, 0.05249167872870326, 0.15690517478557892, 0.19107788932143796, 0.0993849039825568, 0.16809366084495692, 0.14673172523464947, 0.12425887749849952, 0.17196017237999223]",20000,60000,"[0.6942590940088442, 0.7608836559187964, 1.363556952835924, 1.1624358166100448, 0.7030665840424523, 1.2506406104440355, 0.5036522661652323, 0.955029650614369, 0.7898935547442093, 1.1924468009372309]",8058,"[2000, 2000, 2000, 2000, 2000, 2000, 2000, 2000, 2000, 2000]",0,"[0.6665604464426186, 1.480698854895658, 0.5041371158962863, 0.9267532956118898, 0.784058151380858, 0.9325012783042672, 0.806006090041686, 0.9586750568877443, 0.5754457996503984, 0.5024573089104406]",361.940569283,0.1295,436.7723591327667,{'runtime': 435},416.057421558,1,"['<PyCall.jlwrap tanh>', '<PyCall.jlwrap tanh>', '<PyCall.jlwrap tanh>', '<PyCall.jlwrap tanh>', '<PyCall.jlwrap tanh>', '<PyCall.jlwrap tanh>', '<PyCall.jlwrap tanh>', '<PyCall.jlwrap tanh>', '<PyCall.jlwrap tanh>', '<PyCall.jlwrap tanh>']",1696488300.301237,10000,14,54.116799557
70,1,1,1.0662578690606646,0.04713870991903646,2000,60000,0.66362447459627,5290,2000,0,0.8373239670649677,87.504704714,0.0341,98.00266623497008,{'runtime': 96},94.977938959,1,['<PyCall.jlwrap tanh>'],1696487853.2141163,10000,14,7.473186565
71,2,"[1, 1]","[1.0707060501397971, 1.1577779744308565]","[0.09062203391754912, 0.05455095963687364]",4000,60000,"[1.4487310371295017, 1.4283425124296052]",9297,"[2000, 2000]",0,"[0.9567978072368872, 1.3081722308660158]",114.206374019,0.0483,130.81973123550415,{'runtime': 129},125.944571458,1,"['<PyCall.jlwrap tanh>', '<PyCall.jlwrap tanh>']",1696487744.4986362,10000,14,11.738051976
72,3,"[1, 1, 1]","[0.9586253466784834, 1.4450368535368068, 1.3365989933324414]","[0.13347765980746715, 0.1679292809099084, 0.027391525193243775]",6000,60000,"[0.986548767423418, 0.9737433449875412, 0.8590333023977259]",3514,"[2000, 2000, 2000]",0,"[0.598131142214446, 1.08713751123352, 1.0906217125901525]",150.487025898,0.0632,181.28460907936096,{'runtime': 180},167.100701265,1,"['<PyCall.jlwrap tanh>', '<PyCall.jlwrap tanh>', '<PyCall.jlwrap tanh>']",1696487603.165435,10000,14,16.613597751
73,4,"[1, 1, 1, 1]","[0.7976738323114374, 1.3480991940416214, 0.5928392701949733, 0.8224812313320133]","[0.13147633599495442, 0.1535225934239803, 0.18483260736450868, 0.17378230770807687]",8000,60000,"[0.5243379019060813, 0.6328787509577847, 1.0063635018070785, 0.980371409488409]",1050,"[2000, 2000, 2000, 2000]",0,"[0.7909813612577689, 0.8289343569983838, 1.316575876841418, 1.493340490154741]",171.053149718,0.0803,202.2899475097656,{'runtime': 200},193.04135181,1,"['<PyCall.jlwrap tanh>', '<PyCall.jlwrap tanh>', '<PyCall.jlwrap tanh>', '<PyCall.jlwrap tanh>']",1696487411.2058723,10000,14,21.988158551
74,5,"[1, 1, 1, 1, 1]","[1.45502673290102, 0.5521831871646161, 1.4033656950365485, 0.9579041825781712, 0.8948260572837857]","[0.07301349152717482, 0.14517542005895437, 0.011189592711201074, 0.1856825354570713, 0.05541593165155871]",10000,60000,"[0.5289502135167218, 1.2894139951820716, 0.8676679357364825, 0.5157079320674823, 0.9651359009266408]",1619,"[2000, 2000, 2000, 2000, 2000]",0,"[0.5728229062756587, 0.6523346127763955, 0.6400734850244661, 1.005572710170322, 1.3616119122656896]",211.334421733,0.095,251.17901515960693,{'runtime': 250},239.836870448,1,"['<PyCall.jlwrap tanh>', '<PyCall.jlwrap tanh>', '<PyCall.jlwrap tanh>', '<PyCall.jlwrap tanh>', '<PyCall.jlwrap tanh>']",1696487198.461059,10000,14,28.502404814
75,6,"[1, 1, 1, 1, 1, 1]","[0.7091774626029088, 0.7527895540633126, 0.9513230368882276, 0.6020128401698421, 0.9089828848644822, 0.9153299106168832]","[0.1968855053360177, 0.04754519631020382, 0.019609538915970406, 0.18214792175391736, 0.13037905753116472, 0.03507953422476676]",12000,60000,"[0.6124887140172289, 1.204410233665145, 1.1651946856349855, 1.489135075662805, 0.5247299045683076, 1.0970715665414166]",5630,"[2000, 2000, 2000, 2000, 2000, 2000]",0,"[1.3076283826339403, 0.7343458391277496, 1.2432179974988773, 1.101903062843237, 0.5513531785040602, 0.5005339780799932]",306.894343564,0.1055,360.4991807937622,{'runtime': 359},342.292148719,1,"['<PyCall.jlwrap tanh>', '<PyCall.jlwrap tanh>', '<PyCall.jlwrap tanh>', '<PyCall.jlwrap tanh>', '<PyCall.jlwrap tanh>', '<PyCall.jlwrap tanh>']",1696486934.5627658,10000,14,35.397707511
76,7,"[1, 1, 1, 1, 1, 1, 1]","[1.151198322521589, 0.8101565345916356, 1.4752447656714711, 0.5056437625121767, 0.9163570939627914, 0.8586084558745528, 1.0737110654272155]","[0.08391869172980142, 0.01781677059834883, 0.14905135526852012, 0.08470629293962474, 0.04746684486542277, 0.16759389198970537, 0.055063502734263615]",14000,60000,"[1.1280300551644626, 1.3276900109198722, 1.1128521808723653, 1.0180536374202416, 0.8373203118313489, 1.1138680866099235, 1.4264091229499538]",1520,"[2000, 2000, 2000, 2000, 2000, 2000, 2000]",0,"[1.3143699682526342, 0.6520312572843736, 0.9064789974504648, 1.0807884963190462, 0.6789864505015744, 1.3636407995686342, 1.1313672119056108]",344.119091657,0.1161,420.2351253032684,{'runtime': 418},398.781711689,1,"['<PyCall.jlwrap tanh>', '<PyCall.jlwrap tanh>', '<PyCall.jlwrap tanh>', '<PyCall.jlwrap tanh>', '<PyCall.jlwrap tanh>', '<PyCall.jlwrap tanh>', '<PyCall.jlwrap tanh>']",1696486562.1555994,10000,14,54.662577252
77,8,"[1, 1, 1, 1, 1, 1, 1, 1]","[0.6336531446679431, 1.4624706284090334, 1.075301279715981, 1.152238649639016, 1.2994443786021268, 1.043721992394144, 1.3004190897525212, 0.5895550209394191]","[0.04247387827385271, 0.14317430556754862, 0.1309224894016922, 0.15818845890778993, 0.010846482079366587, 0.06379598623951323, 0.07432467214710971, 0.13993281885576575]",16000,60000,"[1.233653207382294, 0.8173945275293594, 0.6323035786336094, 1.2683664691333791, 1.3640055732738114, 0.5637980087775332, 1.1536516440934577, 1.141519943431446]",4999,"[2000, 2000, 2000, 2000, 2000, 2000, 2000, 2000]",0,"[1.3774715005602312, 1.013808495221188, 0.6762608737766602, 0.7375175502029442, 1.4706797132034215, 0.6558581344966404, 1.257711592157689, 1.014944607308938]",363.87606975,0.1215,443.9823887348175,{'runtime': 442},421.59260408,1,"['<PyCall.jlwrap tanh>', '<PyCall.jlwrap tanh>', '<PyCall.jlwrap tanh>', '<PyCall.jlwrap tanh>', '<PyCall.jlwrap tanh>', '<PyCall.jlwrap tanh>', '<PyCall.jlwrap tanh>', '<PyCall.jlwrap tanh>']",1696486130.2298207,10000,14,57.716485849
78,9,"[1, 1, 1, 1, 1, 1, 1, 1, 1]","[0.5366413561758876, 1.3877892322289918, 1.336136276482449, 0.5848287154944941, 1.1529247339287965, 0.7632693449127564, 0.5565581339175049, 0.5562789422783515, 0.8109473008326415]","[0.07873905834177915, 0.06792892972622015, 0.14018738829990204, 0.12340285337375329, 0.09127167462589553, 0.19005198610038235, 0.1904291767078587, 0.13627769546165774, 0.17985071146110457]",18000,60000,"[0.9712917765923932, 0.7473130183941892, 0.8184554244606866, 1.1414324996430971, 1.2236693608621771, 1.4352506242830794, 1.1852368106761904, 0.8040256778686433, 1.3879194650418971]",189,"[2000, 2000, 2000, 2000, 2000, 2000, 2000, 2000, 2000]",0,"[1.051166158877236, 1.346984399269886, 1.226909380869461, 0.8427736507432272, 0.6947087936235294, 0.557164879026365, 0.8809802819487302, 0.7692121057102028, 0.5335853001577325]",385.250534597,0.1258,471.8541512489319,{'runtime': 470},445.487244267,1,"['<PyCall.jlwrap tanh>', '<PyCall.jlwrap tanh>', '<PyCall.jlwrap tanh>', '<PyCall.jlwrap tanh>', '<PyCall.jlwrap tanh>', '<PyCall.jlwrap tanh>', '<PyCall.jlwrap tanh>', '<PyCall.jlwrap tanh>', '<PyCall.jlwrap tanh>']",1696485673.14389,10000,14,60.236660187
79,10,"[1, 1, 1, 1, 1, 1, 1, 1, 1, 1]","[1.4951736460676055, 0.8719232998209143, 0.6638503284397439, 1.0890827513543748, 1.2613879280064406, 0.7336942247913785, 1.1815704875160549, 0.7917731948462009, 0.7899117000307717, 0.9231884401118564]","[0.19486970056109107, 0.14036242932342655, 0.04885242035541597, 0.10341572022310364, 0.02082118475715309, 0.06059774027662192, 0.16653661396032662, 0.13739802127972509, 0.1687235379411679, 0.11732565193428028]",20000,60000,"[1.0102405621512345, 1.1995997922562829, 1.1611313569740904, 1.1130176873194104, 1.1127118083591845, 1.3854907879244864, 1.3035697730965494, 1.397891500047561, 0.6607174158257377, 0.6720270546195726]",3758,"[2000, 2000, 2000, 2000, 2000, 2000, 2000, 2000, 2000, 2000]",0,"[1.2122694561466316, 0.5737553078589097, 1.0278011740297566, 0.8075715754842162, 1.3260414229396735, 0.6687682731098097, 1.1181616837965034, 0.9086700100126364, 1.4671299767509578, 0.5521713160386436]",442.730920993,0.13,543.550371170044,{'runtime': 542},509.287420811,1,"['<PyCall.jlwrap tanh>', '<PyCall.jlwrap tanh>', '<PyCall.jlwrap tanh>', '<PyCall.jlwrap tanh>', '<PyCall.jlwrap tanh>', '<PyCall.jlwrap tanh>', '<PyCall.jlwrap tanh>', '<PyCall.jlwrap tanh>', '<PyCall.jlwrap tanh>', '<PyCall.jlwrap tanh>']",1696485189.3324971,10000,14,66.426071592
80,1,1,1.1222459107722325,0.18666478564824737,2000,60000,0.6120908570346607,339,2000,0,0.884709871012365,94.420259742,0.0349,108.4612271785736,{'runtime': 107},103.120098218,1,['<PyCall.jlwrap tanh>'],1696447443.663298,10000,14,8.699731684
81,2,"[1, 1]","[1.0965580953269054, 0.92884521914074]","[0.1549599497844996, 0.05978199249616648]",4000,60000,"[1.497250977466978, 1.0702510935978438]",1774,"[2000, 2000]",0,"[0.6691791837776367, 1.0994235564729748]",140.128513875,0.0471,168.29563784599304,{'runtime': 165},157.508489199,1,"['<PyCall.jlwrap tanh>', '<PyCall.jlwrap tanh>']",1696447329.6940289,10000,14,17.379909018
82,3,"[1, 1, 1]","[0.7007098460512508, 1.2104954329860336, 1.4633528052838018]","[0.02754178758504517, 0.09395562659458814, 0.12897189921466976]",6000,60000,"[0.5055648604755977, 1.3947554581686537, 0.8999296944450265]",4158,"[2000, 2000, 2000]",0,"[0.8466658730160199, 1.1343835575400838, 0.7575475853922821]",179.733337626,0.0625,217.2760763168335,{'runtime': 216},204.105515239,1,"['<PyCall.jlwrap tanh>', '<PyCall.jlwrap tanh>', '<PyCall.jlwrap tanh>']",1696447156.5018473,10000,14,24.372079357
83,4,"[1, 1, 1, 1]","[1.4638919320415202, 0.5484457605855619, 0.9447974793976814, 1.4537149567528571]","[0.07621180225818387, 0.14211258664969242, 0.11799620386734344, 0.19482696249483847]",8000,60000,"[1.375487014634842, 0.5910446062440234, 1.4770614769736503, 1.1155395735868587]",2448,"[2000, 2000, 2000, 2000]",0,"[0.6214314527117005, 0.709984929192528, 0.9773819380641088, 0.8002653962476267]",217.50825587,0.0804,260.4629476070404,{'runtime': 259},248.790202513,1,"['<PyCall.jlwrap tanh>', '<PyCall.jlwrap tanh>', '<PyCall.jlwrap tanh>', '<PyCall.jlwrap tanh>']",1696446934.4871123,10000,14,31.281873845
84,5,"[1, 1, 1, 1, 1]","[1.1477785474052882, 0.914431930539498, 0.5305494046041213, 1.0105868435353424, 0.9644632829682688]","[0.15114141834719105, 0.04827642220263118, 0.13798419710002027, 0.031740077935975816, 0.1869060247267344]",10000,60000,"[1.2786981871789238, 0.6368892002101794, 0.609988803821848, 1.40436179116465, 0.9681321957147612]",2223,"[2000, 2000, 2000, 2000, 2000]",0,"[0.7378989593022859, 1.0617068548465836, 0.5005003257342616, 1.4013365568297134, 0.5972219224567723]",207.349175777,0.0971,249.64320397377017,{'runtime': 248},235.972679524,1,"['<PyCall.jlwrap tanh>', '<PyCall.jlwrap tanh>', '<PyCall.jlwrap tanh>', '<PyCall.jlwrap tanh>', '<PyCall.jlwrap tanh>']",1696446669.969973,10000,14,28.62346283
85,6,"[1, 1, 1, 1, 1, 1]","[1.3500489321464713, 0.7947495021630175, 0.6470851210151264, 0.9876490112670928, 1.0067223191852794, 1.4643175539235167]","[0.05262540764365689, 0.10229675525518236, 0.12376940967424016, 0.13782203514300306, 0.15102822123240073, 0.06503853790783268]",12000,60000,"[0.6353586013066229, 1.2679384939592997, 1.291237336100802, 0.7689618155152884, 1.386327940781556, 0.5558460678733647]",6500,"[2000, 2000, 2000, 2000, 2000, 2000]",0,"[1.0053954588719876, 0.6493642058068817, 1.173378607985884, 0.8348865097585253, 1.2339883129900322, 0.6157910596706531]",242.046158397,0.1088,294.2856504917145,{'runtime': 293},278.446916152,1,"['<PyCall.jlwrap tanh>', '<PyCall.jlwrap tanh>', '<PyCall.jlwrap tanh>', '<PyCall.jlwrap tanh>', '<PyCall.jlwrap tanh>', '<PyCall.jlwrap tanh>']",1696446415.8709254,10000,14,36.400683175
86,7,"[1, 1, 1, 1, 1, 1, 1]","[1.4301285242474644, 0.7611016702286326, 1.2349277914350425, 0.6464246010835902, 0.8070944571953955, 0.607990040028102, 1.415016407245444]","[0.1064873531113912, 0.01549945918824898, 0.03812003603800391, 0.1414859128729555, 0.020357996895587288, 0.11247931715936124, 0.05814066174071989]",14000,60000,"[1.019836665894971, 0.5134106412698842, 0.9275292301658832, 1.115942880606444, 0.7922473308926202, 1.0975474424120886, 1.1028477973366948]",8019,"[2000, 2000, 2000, 2000, 2000, 2000, 2000]",0,"[1.2974677072046124, 0.7705620279988307, 0.7861291786864721, 0.5986892125546371, 1.2067834017023134, 1.2146403212293495, 0.8481183428334559]",282.482973564,0.1208,341.4470684528351,{'runtime': 340},324.010476894,1,"['<PyCall.jlwrap tanh>', '<PyCall.jlwrap tanh>', '<PyCall.jlwrap tanh>', '<PyCall.jlwrap tanh>', '<PyCall.jlwrap tanh>', '<PyCall.jlwrap tanh>', '<PyCall.jlwrap tanh>']",1696446117.2474644,10000,14,41.527461842
87,8,"[1, 1, 1, 1, 1, 1, 1, 1]","[1.0306588823528997, 1.2367781956537018, 1.4034730776195583, 1.0870853211573488, 0.6737283352055129, 0.9394113162208932, 0.7681578151299053, 1.12676563186481]","[0.04967312442022966, 0.15340174432459275, 0.08519622202324055, 0.06617167814041722, 0.12182782561845004, 0.1643152147714758, 0.11267597714893292, 0.08483653677362986]",16000,60000,"[1.097351641786827, 0.5128856826308253, 0.6871262549547407, 1.285842650303508, 1.4223071881842066, 0.9104411867829196, 1.074265106367296, 0.8857205373303978]",4626,"[2000, 2000, 2000, 2000, 2000, 2000, 2000, 2000]",0,"[0.8881240475285478, 1.3355156008440927, 0.5652310487065072, 0.8998729607175097, 1.4996430999694146, 0.8538060789052305, 0.6002149541840929, 1.1300900695473246]",320.210947685,0.1245,386.9755783081054,{'runtime': 385},368.267877417,1,"['<PyCall.jlwrap tanh>', '<PyCall.jlwrap tanh>', '<PyCall.jlwrap tanh>', '<PyCall.jlwrap tanh>', '<PyCall.jlwrap tanh>', '<PyCall.jlwrap tanh>', '<PyCall.jlwrap tanh>', '<PyCall.jlwrap tanh>']",1696445770.9529552,10000,14,48.056888594
88,9,"[1, 1, 1, 1, 1, 1, 1, 1, 1]","[0.8390070102000919, 0.9898029714541392, 1.11472028403518, 0.8937532998012967, 0.968216964279737, 0.599350785740647, 0.7435096767192806, 1.4529482270535603, 1.373592907069524]","[0.0897007202411925, 0.14951460651227025, 0.17409406824181647, 0.1769375782636282, 0.17589069332480264, 0.15340001635023748, 0.19187652185138904, 0.13672728058704872, 0.041343447210294405]",18000,60000,"[0.9869399313300896, 1.0855411517661453, 1.1109495429985323, 0.8336047025484625, 0.8471959393489497, 0.8505107411535835, 0.7300705959472351, 0.7194042900051482, 1.372211149179075]",8406,"[2000, 2000, 2000, 2000, 2000, 2000, 2000, 2000, 2000]",0,"[1.4214677585842468, 1.251288413917333, 0.9388803125118832, 0.8675092748380108, 1.3428813380168068, 0.8752403018986564, 1.1836921544005494, 0.759024249669146, 0.5705412204425957]",349.899471973,0.1286,423.865686416626,{'runtime': 422},402.432168457,1,"['<PyCall.jlwrap tanh>', '<PyCall.jlwrap tanh>', '<PyCall.jlwrap tanh>', '<PyCall.jlwrap tanh>', '<PyCall.jlwrap tanh>', '<PyCall.jlwrap tanh>', '<PyCall.jlwrap tanh>', '<PyCall.jlwrap tanh>', '<PyCall.jlwrap tanh>']",1696445379.8297515,10000,14,52.53262583
89,10,"[1, 1, 1, 1, 1, 1, 1, 1, 1, 1]","[0.9682045579248676, 0.7910644619266157, 1.2157123507803496, 0.7716780938848581, 0.5840637805089551, 0.5407646104313895, 1.231030099375229, 0.9161923256615784, 1.054507654329144, 1.0104395508682849]","[0.013020465477449904, 0.17066546455854628, 0.15542525120400033, 0.1563319167516222, 0.0975157598709758, 0.180573245804384, 0.046445166110611995, 0.145014696968118, 0.1401057007962424, 0.15139030547929147]",20000,60000,"[0.7231395364258338, 0.9817914350252052, 0.828978137326018, 0.8651447174418022, 0.8772257034684157, 0.9671928449007804, 0.5671315598025847, 1.1604606789028005, 0.8840363616765136, 1.418763841258052]",6866,"[2000, 2000, 2000, 2000, 2000, 2000, 2000, 2000, 2000, 2000]",0,"[1.3343557222136957, 1.2556292655150902, 1.1878131069122877, 1.2370198027456445, 0.910189163635906, 1.3334745521516675, 0.8294476965103386, 0.6300835487969841, 0.7089314151853499, 0.8972015801962443]",377.183687197,0.1288,464.6510524749756,{'runtime': 463},433.946221181,1,"['<PyCall.jlwrap tanh>', '<PyCall.jlwrap tanh>', '<PyCall.jlwrap tanh>', '<PyCall.jlwrap tanh>', '<PyCall.jlwrap tanh>', '<PyCall.jlwrap tanh>', '<PyCall.jlwrap tanh>', '<PyCall.jlwrap tanh>', '<PyCall.jlwrap tanh>', '<PyCall.jlwrap tanh>']",1696444951.9505465,10000,14,56.76248939
90,1,1,1.1159196850922843,0.18822804608003588,2000,60000,0.5306902020809678,7246,2000,0,1.159861522443138,88.972752383,0.0342,100.7085783481598,{'runtime': 99},96.728208713,1,['<PyCall.jlwrap tanh>'],1696444483.6269114,10000,14,7.755413179
91,2,"[1, 1]","[1.2794777164402598, 0.8511061040612247]","[0.050371867963737146, 0.13682450964265608]",4000,60000,"[1.233424882480698, 1.4234607798879946]",4526,"[2000, 2000]",0,"[1.2305634493093316, 0.8877400900834744]",115.079030217,0.0488,134.19536066055298,{'runtime': 132},127.525625902,1,"['<PyCall.jlwrap tanh>', '<PyCall.jlwrap tanh>']",1696444378.3686855,10000,14,12.446552963
92,3,"[1, 1, 1]","[1.2918924275200383, 0.5262239101164615, 0.9910298596739012]","[0.04365041934989176, 0.10117818258667108, 0.1980103403408169]",6000,60000,"[0.5315825215737936, 0.7703850861643072, 0.514491894194123]",3548,"[2000, 2000, 2000]",0,"[1.4202396313746584, 0.5024597284387439, 1.4754158438800142]",143.166589563,0.0653,170.02570486068726,{'runtime': 168},160.438680174,1,"['<PyCall.jlwrap tanh>', '<PyCall.jlwrap tanh>', '<PyCall.jlwrap tanh>']",1696444239.5133648,10000,14,17.272020459
93,4,"[1, 1, 1, 1]","[0.8583761524138112, 0.8828282692810263, 0.7815014243558545, 0.6156277315269232]","[0.19982459552764492, 0.14023812236449404, 0.15056459688314605, 0.057782534719351714]",8000,60000,"[0.913230779378133, 0.8672176434687151, 0.9067209389014956, 0.6384259953131007]",4804,"[2000, 2000, 2000, 2000]",0,"[0.8588560035237311, 1.3901964196179215, 1.0924765041535698, 1.2346955781976023]",174.893484916,0.0758,210.0545415878296,{'runtime': 208},197.688164919,1,"['<PyCall.jlwrap tanh>', '<PyCall.jlwrap tanh>', '<PyCall.jlwrap tanh>', '<PyCall.jlwrap tanh>']",1696444064.5972376,10000,14,22.794604711
94,5,"[1, 1, 1, 1, 1]","[0.6326629535360615, 1.212158808513592, 0.6160903353459326, 0.9386010133970478, 0.6162297847931523]","[0.10650736636755302, 0.18904951638857828, 0.10353698084501488, 0.1802013614955288, 0.016088165023090274]",10000,60000,"[0.9974467308484628, 1.2178472911246274, 0.679805991181146, 0.6037599387824139, 0.7054093109162812]",180,"[2000, 2000, 2000, 2000, 2000]",0,"[1.0476906367637937, 1.0927107709491517, 0.5963754448036802, 1.3514272800790277, 0.8635176853212584]",206.103825336,0.0928,250.08860087394712,{'runtime': 248},235.447858952,1,"['<PyCall.jlwrap tanh>', '<PyCall.jlwrap tanh>', '<PyCall.jlwrap tanh>', '<PyCall.jlwrap tanh>', '<PyCall.jlwrap tanh>']",1696443849.839943,10000,14,29.343990635
95,6,"[1, 1, 1, 1, 1, 1]","[0.5561323334566237, 1.2954436370587017, 0.8106438537544541, 0.8490110550585049, 1.2407002190816183, 0.8837050982865012]","[0.06013721249863653, 0.050973234774188865, 0.1431342479260622, 0.1606828506069296, 0.05591671158029052, 0.1621500030172249]",12000,60000,"[1.0159973230974826, 0.8769514097627842, 0.6248555743750493, 1.099268536373362, 0.5529134420377202, 1.3360969511775609]",5510,"[2000, 2000, 2000, 2000, 2000, 2000]",0,"[0.8592881686072905, 1.3531934560782504, 0.5421061167734865, 0.6581113181282875, 0.8347336548944901, 1.080287267648666]",245.286013836,0.1057,297.4064190387726,{'runtime': 296},281.459425815,1,"['<PyCall.jlwrap tanh>', '<PyCall.jlwrap tanh>', '<PyCall.jlwrap tanh>', '<PyCall.jlwrap tanh>', '<PyCall.jlwrap tanh>', '<PyCall.jlwrap tanh>']",1696443595.406239,10000,14,36.173337409
96,7,"[1, 1, 1, 1, 1, 1, 1]","[0.5157227411766522, 1.2554359541613256, 0.9780076423719712, 0.879434344028498, 1.2526959167714689, 0.9351741675615454, 0.8721319207895978]","[0.03426302128335809, 0.14987944032704278, 0.04831601874937091, 0.07966753456366348, 0.10778425301107968, 0.09609025091830664, 0.02636371762409881]",14000,60000,"[1.0723030077515991, 1.2670434911733306, 0.5888344767565895, 0.5288072418077652, 1.072915035075043, 1.2107890952239375, 1.1526403391402067]",527,"[2000, 2000, 2000, 2000, 2000, 2000, 2000]",0,"[1.0370647919096667, 1.2474065526304017, 0.8001503123912028, 0.8835204277360542, 0.8062799833462769, 0.5266975457000616, 1.2535964193473117]",282.486088999,0.1149,342.1580243110657,{'runtime': 340},325.621084609,1,"['<PyCall.jlwrap tanh>', '<PyCall.jlwrap tanh>', '<PyCall.jlwrap tanh>', '<PyCall.jlwrap tanh>', '<PyCall.jlwrap tanh>', '<PyCall.jlwrap tanh>', '<PyCall.jlwrap tanh>']",1696443293.2479794,10000,14,43.134953481
97,8,"[1, 1, 1, 1, 1, 1, 1, 1]","[1.172826210615737, 1.1625272592048057, 0.8417615533111861, 0.9127613997183116, 1.2301407405545584, 0.7929822231768143, 1.085725496088741, 1.0195375461854157]","[0.09950119121385816, 0.19093538282341696, 0.13521930751234185, 0.16993734228092744, 0.022140171955856738, 0.1295357532984026, 0.012304025677180206, 0.08974214234402066]",16000,60000,"[0.9857455852968462, 1.20939956138107, 1.1870535229236667, 0.9824979107032046, 1.2109318126930355, 0.7898335368512971, 1.2284330618537176, 0.9436742396745592]",5337,"[2000, 2000, 2000, 2000, 2000, 2000, 2000, 2000]",0,"[1.208865397873916, 0.6097914349178306, 1.2290290682557363, 0.7178916085169433, 0.8146009905022031, 0.5882056214669227, 0.95301862057969, 1.0944658062135262]",313.917796802,0.1244,380.7152349948883,{'runtime': 379},361.557494102,1,"['<PyCall.jlwrap tanh>', '<PyCall.jlwrap tanh>', '<PyCall.jlwrap tanh>', '<PyCall.jlwrap tanh>', '<PyCall.jlwrap tanh>', '<PyCall.jlwrap tanh>', '<PyCall.jlwrap tanh>', '<PyCall.jlwrap tanh>']",1696442946.953633,10000,14,47.639624772
98,9,"[1, 1, 1, 1, 1, 1, 1, 1, 1]","[1.0169767957143605, 1.4933763147442582, 0.7861149280690438, 1.475404734963437, 0.7907492460182303, 0.616612745498823, 0.8233244916375037, 1.297785438846138, 1.0110538508139086]","[0.0573134130774185, 0.18709056455213297, 0.058494925873996205, 0.10017757038717222, 0.05523997505080879, 0.021618400173351857, 0.12483846066698975, 0.057601236174071306, 0.1559901787156711]",18000,60000,"[0.6882125926041877, 1.489803802202637, 0.5428694055052392, 1.2730809163192216, 0.8898637167503192, 1.160757722596823, 1.2473256785173366, 1.491518235187807, 0.7118825750802549]",8919,"[2000, 2000, 2000, 2000, 2000, 2000, 2000, 2000, 2000]",0,"[1.4281087061695938, 1.3387755008465485, 0.9499188227738667, 1.2369491579527172, 0.6862145202167613, 0.7765147210484172, 1.41214426112145, 0.9583479728839156, 0.8830432194342411]",351.109292926,0.1317,424.26948523521423,{'runtime': 423},403.485328716,1,"['<PyCall.jlwrap tanh>', '<PyCall.jlwrap tanh>', '<PyCall.jlwrap tanh>', '<PyCall.jlwrap tanh>', '<PyCall.jlwrap tanh>', '<PyCall.jlwrap tanh>', '<PyCall.jlwrap tanh>', '<PyCall.jlwrap tanh>', '<PyCall.jlwrap tanh>']",1696442561.7951803,10000,14,52.37599371
99,10,"[1, 1, 1, 1, 1, 1, 1, 1, 1, 1]","[0.584526074083439, 1.3874901921719769, 0.929774396668498, 0.5059622052783103, 1.152041594329031, 1.052042832140963, 1.150708983302542, 0.9965242318427282, 0.7872210968955183, 1.1185968724956636]","[0.1226203030859067, 0.18864290832129305, 0.1436830745244766, 0.19053469285820732, 0.01867861145953727, 0.016772899815226037, 0.1533603130500435, 0.022838684092439596, 0.1960091621477721, 0.13781135264905436]",20000,60000,"[0.7347076337451794, 0.519138336014137, 1.0414130477989905, 0.5353042077259799, 1.4185443520653829, 0.940447639887028, 0.563145290349572, 1.438994801937295, 0.904986842586854, 1.3480676317688625]",5841,"[2000, 2000, 2000, 2000, 2000, 2000, 2000, 2000, 2000, 2000]",0,"[1.2199840496312775, 1.2014097448287189, 1.050995011896224, 1.302509484725748, 1.2510495349164714, 0.8221898568900603, 0.7294114816634244, 1.2261434725305718, 1.4082737292519505, 0.8922006134804956]",402.21019779,0.13,490.4719567298889,{'runtime': 489},459.236008271,1,"['<PyCall.jlwrap tanh>', '<PyCall.jlwrap tanh>', '<PyCall.jlwrap tanh>', '<PyCall.jlwrap tanh>', '<PyCall.jlwrap tanh>', '<PyCall.jlwrap tanh>', '<PyCall.jlwrap tanh>', '<PyCall.jlwrap tanh>', '<PyCall.jlwrap tanh>', '<PyCall.jlwrap tanh>']",1696442132.523867,10000,14,56.86077268
