,R_scalings,Nodes per layer,seed,sigmas,Resized,Test time,rhos,_step,_timestamp,Initial transient,_wandb,_runtime,Train time,Train length,densities,Total time,Test length,Total nodes,Error,sgmds,Layers,alphas
0,1.0287147522727047,2000,5411,0.6484069576014502,14,7.875244888,1.409205318461109,1,1696864511.484663,0,{'runtime': 98},100.09621000289916,87.998509077,60000,0.07517407945355792,95.873843527,10000,2000,0.0322,['<PyCall.jlwrap tanh>'],1,1
1,"[1.0633461845836605, 1.3107675692698026]","[2000, 2196]",7524,"[1.0467612313125434, 1.2602715601481154]",14,14.396638124,"[1.136009239235241, 0.5132289979987441]",1,1696864407.2322764,0,{'runtime': 156},157.8094973564148,135.664202889,60000,"[0.16495202206574325, 0.06167546186468327]",150.060883592,10000,4196,0.035,"['<PyCall.jlwrap tanh>', '<PyCall.jlwrap tanh>']",2,"[1, 1]"
2,"[0.7166333796234433, 0.937367607954002, 1.247182203470906]","[2000, 2196, 2392]",6303,"[0.9651406227031588, 0.9028085980848588, 0.9354514111079456]",14,22.137804706,"[1.229876999468044, 1.2931738181184875, 1.302006901333386]",1,1696864244.628714,0,{'runtime': 225},226.9259181022644,192.806620511,60000,"[0.1159864099337946, 0.04807927468367296, 0.11225123724230995]",214.944481615,10000,6588,0.0353,"['<PyCall.jlwrap tanh>', '<PyCall.jlwrap tanh>', '<PyCall.jlwrap tanh>']",3,"[1, 1, 1]"
3,"[1.372080257834534, 1.2902651618494596, 1.1137498217770192, 1.154112582055941]","[2000, 2196, 2392, 2588]",8229,"[1.3350658120693382, 1.1061611701237737, 0.7901834644565494, 0.633729199826436]",14,33.158259502,"[1.070771193399099, 0.6172333855531489, 1.100254239044713, 1.3255787754112598]",1,1696864013.2280552,0,{'runtime': 319},320.5176422595978,271.266681511,60000,"[0.06859281440238636, 0.19468359502509583, 0.08597687215375126, 0.08129324171626609]",304.425016639,10000,9176,0.0387,"['<PyCall.jlwrap tanh>', '<PyCall.jlwrap tanh>', '<PyCall.jlwrap tanh>', '<PyCall.jlwrap tanh>']",4,"[1, 1, 1, 1]"
4,"[0.6084648202771267, 0.8271566123515239, 1.085669552418611, 0.9051164293368514, 1.0587892048627152]","[2000, 2196, 2392, 2588, 2784]",3783,"[0.9441258479064496, 0.6610817425119989, 1.134335145711653, 0.958570194503706, 1.1771932081114245]",14,43.468873221,"[0.6983973295626952, 1.1709722420654982, 1.1725533061576048, 1.1709446764822564, 1.2531671561716804]",1,1696863688.4265146,0,{'runtime': 407},408.42225766181946,345.009096124,60000,"[0.04638144743387946, 0.0811250176445998, 0.12599514526031372, 0.03558818324023966, 0.045298972869207615]",388.478012238,10000,11960,0.0364,"['<PyCall.jlwrap tanh>', '<PyCall.jlwrap tanh>', '<PyCall.jlwrap tanh>', '<PyCall.jlwrap tanh>', '<PyCall.jlwrap tanh>']",5,"[1, 1, 1, 1, 1]"
5,"[0.5332123900522597, 0.9971941829334418, 1.027088882708143, 1.1072811509034244, 0.8451220796710568, 1.1024569914913984]","[2000, 2196, 2392, 2588, 2784, 2980]",2934,"[0.7922131879088447, 0.5636773219040393, 0.8906584508046819, 0.8086388722508843, 1.1660374695833344, 0.8684867634071669]",14,53.307384024,"[1.1551544162279783, 1.1601343696758637, 0.7486841838055893, 0.6460932273795889, 0.7296302475747202, 1.150857333672768]",1,1696863275.786935,0,{'runtime': 499},500.67570328712463,420.300869676,60000,"[0.022724917638504, 0.12817127790387683, 0.10662137587284862, 0.13301594316667054, 0.11499326531053829, 0.1123336939335636]",473.608297474,10000,14940,0.0372,"['<PyCall.jlwrap tanh>', '<PyCall.jlwrap tanh>', '<PyCall.jlwrap tanh>', '<PyCall.jlwrap tanh>', '<PyCall.jlwrap tanh>', '<PyCall.jlwrap tanh>']",6,"[1, 1, 1, 1, 1, 1]"
6,"[0.6700871314660676, 1.3589966903649175, 1.0673426467909648, 0.8406973743992939, 0.7648803438734393, 1.144063263556149, 0.7964728611570411]","[2000, 2196, 2392, 2588, 2784, 2980, 3176]",3460,"[1.2697764584692997, 0.5815489978355659, 0.6842940796429462, 1.1619571878019594, 0.8165212726958889, 0.7588817275409994, 1.139872968277997]",14,64.970240458,"[0.5228234143833621, 1.2975428311622617, 1.3115655865244489, 1.291809035961229, 0.9684928241267504, 0.8754098490353704, 0.7831999808599645]",1,1696860330.2064333,0,{'runtime': 607},608.9084403514862,511.661542182,60000,"[0.08690511387506274, 0.06620285610782063, 0.17559367775116522, 0.16342094332487295, 0.13281613657833105, 0.10557202321866568, 0.09095863552276816]",576.631822897,10000,18116,0.0395,"['<PyCall.jlwrap tanh>', '<PyCall.jlwrap tanh>', '<PyCall.jlwrap tanh>', '<PyCall.jlwrap tanh>', '<PyCall.jlwrap tanh>', '<PyCall.jlwrap tanh>', '<PyCall.jlwrap tanh>']",7,"[1, 1, 1, 1, 1, 1, 1]"
7,"[1.0742090170331982, 1.3714060612146368, 1.2180191275223478, 1.4185360221310388, 0.8897445246615683, 0.8478666837262729, 1.2538011204220472, 0.9874036818938376]","[2000, 2196, 2392, 2588, 2784, 2980, 3176, 3372]",2778,"[1.1911381959206984, 1.4294676152394032, 1.4626492838874816, 1.2199606838631372, 0.5955456977966214, 1.0213438207202252, 0.5843267449049863, 0.6985356682737599]",14,81.119256778,"[0.991937208595682, 1.31237103470071, 0.8625624682863129, 0.9487272901458076, 1.1484923645048233, 0.5330680398723806, 1.1160465114247198, 0.6294290863226978]",1,1696859716.6929998,0,{'runtime': 771},772.4454228878021,633.800162646,60000,"[0.1405103453938033, 0.1002238630043745, 0.06391530066529512, 0.013732149583381828, 0.05139118140411736, 0.04368820913091792, 0.01112135396588786, 0.014529665415013732]",714.919467687,10000,21488,0.0376,"['<PyCall.jlwrap tanh>', '<PyCall.jlwrap tanh>', '<PyCall.jlwrap tanh>', '<PyCall.jlwrap tanh>', '<PyCall.jlwrap tanh>', '<PyCall.jlwrap tanh>', '<PyCall.jlwrap tanh>', '<PyCall.jlwrap tanh>']",8,"[1, 1, 1, 1, 1, 1, 1, 1]"
8,"[1.1392328385339447, 1.2435243813297248, 1.1115714592259651, 1.4823424036674255, 1.3377491527652747, 0.737393933451267, 0.607018327019216, 0.6195633763978327, 0.711311334822858]","[2000, 2196, 2392, 2588, 2784, 2980, 3176, 3372, 3568]",2345,"[0.8774159347591873, 0.9427937172098176, 1.2415820912466629, 1.372063672021376, 0.915532762082688, 1.244662631887876, 1.0392751805652738, 0.7483475176547832, 1.1043850683236336]",14,98.209570644,"[1.3841868671401016, 1.1797953711998597, 0.6043614285819991, 1.3204062621760189, 0.9454054750972049, 0.8018822973638282, 0.8698447157434214, 0.9212845578085976, 0.633465757682785]",1,1696858939.9287896,0,{'runtime': 894},895.9394977092743,728.041523307,60000,"[0.1821988044446171, 0.10888606027578863, 0.03447663800132849, 0.19930929872543873, 0.09696867600928603, 0.03003029306266249, 0.08399965139332413, 0.05899655959608984, 0.08900367746730846]",826.251441505,10000,25056,0.0359,"['<PyCall.jlwrap tanh>', '<PyCall.jlwrap tanh>', '<PyCall.jlwrap tanh>', '<PyCall.jlwrap tanh>', '<PyCall.jlwrap tanh>', '<PyCall.jlwrap tanh>', '<PyCall.jlwrap tanh>', '<PyCall.jlwrap tanh>', '<PyCall.jlwrap tanh>']",9,"[1, 1, 1, 1, 1, 1, 1, 1, 1]"
9,"[0.7427079974635903, 1.227472417394475, 1.4049686577571334, 1.228999345947141, 0.5281668297988267, 0.7944616510874515, 0.7311205991912199, 0.5741846615849147, 0.7079939712019777, 1.119842291485276]","[2000, 2196, 2392, 2588, 2784, 2980, 3176, 3372, 3568, 3764]",9,"[1.2248551030739736, 1.19278604702656, 1.095472159077301, 1.129421520555577, 1.1534662789932346, 0.7725965769920042, 0.5417315360589671, 1.167130026687622, 0.62559881121127, 1.268604794906543]",14,112.804321642,"[1.4297881015370084, 1.4081368146504691, 0.9711902920442208, 0.971709188799019, 0.7079887550907413, 1.320099918090365, 1.4445383329785522, 0.9290459677551444, 1.3167229886893157, 0.8140209095267286]",1,1696858039.7048311,0,{'runtime': 1060},1061.7974870204926,860.926218043,60000,"[0.09073145876441677, 0.10093800155364492, 0.04421989196525334, 0.01982320027218602, 0.07416233128702329, 0.06859903133219804, 0.06982685665059662, 0.16297302058555055, 0.15314439829779866, 0.10807588464480725]",973.882388047,10000,28820,0.0389,"['<PyCall.jlwrap tanh>', '<PyCall.jlwrap tanh>', '<PyCall.jlwrap tanh>', '<PyCall.jlwrap tanh>', '<PyCall.jlwrap tanh>', '<PyCall.jlwrap tanh>', '<PyCall.jlwrap tanh>', '<PyCall.jlwrap tanh>', '<PyCall.jlwrap tanh>', '<PyCall.jlwrap tanh>']",10,"[1, 1, 1, 1, 1, 1, 1, 1, 1, 1]"
10,1.2277205882660485,2000,2753,0.8402180529709206,14,7.309621856,0.6912588902317608,1,1696849949.508029,0,{'runtime': 97},98.72418594360352,87.61652258,60000,0.11972579763490054,94.926183299,10000,2000,0.0325,['<PyCall.jlwrap tanh>'],1,1
11,"[0.5125461692074139, 0.7368956637943296]","[2000, 2196]",7648,"[1.4289226924523457, 1.1784260724951825]",14,13.523240579,"[1.2703221046922035, 1.0563462584646146]",1,1696849834.1288888,0,{'runtime': 151},152.8562729358673,133.695644211,60000,"[0.07565580047516729, 0.04535422089903069]",147.21892234,10000,4196,0.0365,"['<PyCall.jlwrap tanh>', '<PyCall.jlwrap tanh>']",2,"[1, 1]"
12,"[1.256809214414235, 1.4521572965285268, 1.332295127487272]","[2000, 2196, 2392]",5538,"[1.3765274704505632, 0.6299853913327796, 0.939163164012656]",14,21.856474033,"[1.4910909287554777, 1.3069564875377502, 1.097483412025554]",1,1696849664.6988044,0,{'runtime': 221},223.2437834739685,192.850795349,60000,"[0.1948533993120458, 0.13070152314778655, 0.01674089195950486]",214.707312593,10000,6588,0.0363,"['<PyCall.jlwrap tanh>', '<PyCall.jlwrap tanh>', '<PyCall.jlwrap tanh>']",3,"[1, 1, 1]"
13,"[1.420058644296184, 1.2944509474961274, 1.130297226597092, 1.367928056357766]","[2000, 2196, 2392, 2588]",4992,"[1.208601348076575, 1.4690977457035177, 0.769059099127546, 1.0909642095718315]",14,34.935536306,"[0.8562911534756787, 1.320913840808677, 0.861905945021619, 1.2573831758562375]",1,1696849433.5739162,0,{'runtime': 318},320.0637652873993,272.960225651,60000,"[0.16666576488921928, 0.03255265758997641, 0.19733703047138, 0.17954300017952507]",307.895831006,10000,9176,0.0371,"['<PyCall.jlwrap tanh>', '<PyCall.jlwrap tanh>', '<PyCall.jlwrap tanh>', '<PyCall.jlwrap tanh>']",4,"[1, 1, 1, 1]"
14,"[0.7992722021575135, 0.5303370862081683, 1.0846635030315608, 0.8491951237054239, 0.8920564730386956]","[2000, 2196, 2392, 2588, 2784]",4488,"[0.5030656429680306, 0.6453449282515361, 1.148797621642442, 1.2673718770024145, 1.408306444072247]",14,45.264645357,"[1.4052455477774255, 1.018569793017969, 1.4992995695736475, 0.696367875450757, 0.9877527165531594]",1,1696849101.127232,0,{'runtime': 413},414.9962980747223,352.703801667,60000,"[0.04970015042534765, 0.12013102918990164, 0.12509023963580088, 0.18340787274337544, 0.04289039517005117]",397.968493902,10000,11960,0.0335,"['<PyCall.jlwrap tanh>', '<PyCall.jlwrap tanh>', '<PyCall.jlwrap tanh>', '<PyCall.jlwrap tanh>', '<PyCall.jlwrap tanh>']",5,"[1, 1, 1, 1, 1]"
15,"[1.2614740333211296, 0.5222976097496608, 1.4343723798410108, 0.8227234928493081, 1.3171710840468136, 0.983647540000808]","[2000, 2196, 2392, 2588, 2784, 2980]",5740,"[0.5422535228709926, 0.8072125747944853, 0.6332717364842759, 1.316377284174815, 0.5102451254415307, 0.9551311533812752]",14,55.021328485,"[0.6608583753144481, 1.2826108016985796, 0.7002437721333077, 0.630416094505791, 0.8916108123483298, 1.0850561599307451]",1,1696848672.408006,0,{'runtime': 506},509.5159230232239,429.950847095,60000,"[0.0790967934705312, 0.0558866876690381, 0.06746484859311573, 0.09780321197393244, 0.15158497814973218, 0.08070342790764606]",484.972217779,10000,14940,0.0335,"['<PyCall.jlwrap tanh>', '<PyCall.jlwrap tanh>', '<PyCall.jlwrap tanh>', '<PyCall.jlwrap tanh>', '<PyCall.jlwrap tanh>', '<PyCall.jlwrap tanh>']",6,"[1, 1, 1, 1, 1, 1]"
16,"[0.9805210518962104, 1.2415302977737197, 0.6073899420313019, 0.6331651301432508, 1.1711794624008507, 0.917351966014185, 1.028217311311793]","[2000, 2196, 2392, 2588, 2784, 2980, 3176]",1160,"[0.5733137987478429, 1.0309426139416369, 1.3814332533380655, 1.3875410364676233, 1.4442512452647054, 0.9292180005907834, 0.8238308589194221]",14,65.215571359,"[1.3716333098473137, 0.5994795891415747, 0.8492014104005849, 1.498368027632236, 0.8362049799350204, 0.6452634638938972, 0.9907576624650244]",1,1696848141.39457,0,{'runtime': 603},604.8450479507446,508.527429619,60000,"[0.18187023277432304, 0.12805683176730362, 0.12956015238787, 0.19257852791782423, 0.12602998826994782, 0.011463269342225382, 0.03572138918327417]",573.743072332,10000,18116,0.0366,"['<PyCall.jlwrap tanh>', '<PyCall.jlwrap tanh>', '<PyCall.jlwrap tanh>', '<PyCall.jlwrap tanh>', '<PyCall.jlwrap tanh>', '<PyCall.jlwrap tanh>', '<PyCall.jlwrap tanh>']",7,"[1, 1, 1, 1, 1, 1, 1]"
17,"[1.2698411809065244, 1.4761891641634457, 0.9087121312900256, 0.7378621659433522, 0.6515949126652036, 1.2942658759830192, 0.6953064829226216, 1.4032287350652664]","[2000, 2196, 2392, 2588, 2784, 2980, 3176, 3372]",8413,"[0.898583103689293, 1.2970077274556848, 0.6188127384292902, 1.2769828296529293, 1.30608674646083, 1.1978835007194566, 0.8842329974895522, 1.0522679495052396]",14,75.959950783,"[0.5027623950694987, 0.8892465484950645, 0.8594944845800411, 0.8881497349980841, 1.1945625335035233, 1.0670091224246352, 1.4488728824953134, 0.739795996167379]",1,1696847524.8778377,0,{'runtime': 708},709.7890815734863,593.722003163,60000,"[0.017532126185594864, 0.1539967716867015, 0.09240388750927492, 0.026762228421600663, 0.18765178918606112, 0.06471513677966645, 0.15896202828040992, 0.19509868468927632]",669.681992588,10000,21488,0.0379,"['<PyCall.jlwrap tanh>', '<PyCall.jlwrap tanh>', '<PyCall.jlwrap tanh>', '<PyCall.jlwrap tanh>', '<PyCall.jlwrap tanh>', '<PyCall.jlwrap tanh>', '<PyCall.jlwrap tanh>', '<PyCall.jlwrap tanh>']",8,"[1, 1, 1, 1, 1, 1, 1, 1]"
18,"[0.7049382121594596, 0.859071275203299, 1.4821551169052385, 1.0284130817226067, 1.262021989307558, 0.6331260261859375, 1.3377112043722752, 0.5162457479901432, 1.4186561466717298]","[2000, 2196, 2392, 2588, 2784, 2980, 3176, 3372, 3568]",1979,"[0.7736871734114603, 0.747071649354633, 1.0976899580281358, 1.308177845969258, 1.3572144048927122, 0.6215157766856151, 0.7607879121998556, 1.1118531695566545, 0.7846125733387584]",14,88.365299156,"[0.6205036660876299, 0.9636168415897044, 1.4395204625227822, 1.180259232441596, 0.909828375466448, 0.6066380477026145, 1.331802055887767, 1.053532729096055, 1.2489640422297823]",1,1696846803.8649392,0,{'runtime': 822},824.2231740951538,684.494187139,60000,"[0.11827726906024127, 0.07002727471107476, 0.11298647439035114, 0.03677884120393657, 0.09353489146878571, 0.16711270728175132, 0.1461019338540634, 0.1612860483711551, 0.03021150369707873]",772.859563749,10000,25056,0.0382,"['<PyCall.jlwrap tanh>', '<PyCall.jlwrap tanh>', '<PyCall.jlwrap tanh>', '<PyCall.jlwrap tanh>', '<PyCall.jlwrap tanh>', '<PyCall.jlwrap tanh>', '<PyCall.jlwrap tanh>', '<PyCall.jlwrap tanh>', '<PyCall.jlwrap tanh>']",9,"[1, 1, 1, 1, 1, 1, 1, 1, 1]"
19,"[0.5985218428391763, 0.964149344801462, 0.7825923845383969, 1.0866357854290456, 0.8007580660833155, 0.6165711449343645, 0.5326634688736157, 0.84940071968689, 0.8198086207123967, 1.3362637935417827]","[2000, 2196, 2392, 2588, 2784, 2980, 3176, 3372, 3568, 3764]",3554,"[1.4652519217721431, 1.4965229124692947, 1.025937415431291, 1.3308060080591295, 1.2300719104248632, 1.4674622963839326, 1.318517844305921, 0.8203657076208163, 1.2714332360638738, 0.5540025433087298]",14,101.023072461,"[0.6352023139603911, 0.8411546053328094, 0.5177605579689294, 0.6218636753931285, 1.304234231164763, 0.6973007266602597, 0.7313277241488964, 0.8065562458047371, 0.9031683575942177, 1.3638832963976464]",1,1696845966.600421,0,{'runtime': 945},945.7563178539276,783.203943383,60000,"[0.13934170365681844, 0.014047793609089868, 0.025009805355697967, 0.08892637131044527, 0.09130125014334832, 0.08070128520215657, 0.052474582912557834, 0.0744003742083582, 0.051493305852626466, 0.15704470248897148]",884.227057893,10000,28820,0.0391,"['<PyCall.jlwrap tanh>', '<PyCall.jlwrap tanh>', '<PyCall.jlwrap tanh>', '<PyCall.jlwrap tanh>', '<PyCall.jlwrap tanh>', '<PyCall.jlwrap tanh>', '<PyCall.jlwrap tanh>', '<PyCall.jlwrap tanh>', '<PyCall.jlwrap tanh>', '<PyCall.jlwrap tanh>']",10,"[1, 1, 1, 1, 1, 1, 1, 1, 1, 1]"
20,0.6853730629483048,2000,7370,1.0889245647952024,14,7.363174789,1.207200413112452,1,1696843168.8869755,0,{'runtime': 96},97.9878044128418,87.582777437,60000,0.07143087301912154,94.945990208,10000,2000,0.0336,['<PyCall.jlwrap tanh>'],1,1
21,"[1.3587185565370508, 1.0700283580450671]","[2000, 2196]",8039,"[0.9005497624588564, 1.0658600989095186]",14,13.769737637,"[1.0353841441727076, 1.3216716135069375]",1,1696843058.8461926,0,{'runtime': 151},152.72068858146667,133.769197325,60000,"[0.04464107761694684, 0.020961959483507712]",147.538974327,10000,4196,0.0324,"['<PyCall.jlwrap tanh>', '<PyCall.jlwrap tanh>']",2,"[1, 1]"
22,"[1.0607712978399433, 1.455756110228494, 0.593582902740062]","[2000, 2196, 2392]",5855,"[1.21329420880463, 0.5531751369622647, 1.3365044253480067]",14,21.640858128,"[1.0736198287225425, 0.716831060028066, 1.4518509449777977]",1,1696842893.901101,0,{'runtime': 219},220.9583261013031,190.822447556,60000,"[0.07093714275420779, 0.1338076422761425, 0.1905169142705468]",212.46337847,10000,6588,0.0355,"['<PyCall.jlwrap tanh>', '<PyCall.jlwrap tanh>', '<PyCall.jlwrap tanh>']",3,"[1, 1, 1]"
23,"[1.468085908202931, 0.5774573399050361, 0.9271469158162976, 0.85757798861444]","[2000, 2196, 2392, 2588]",7269,"[1.4657862198916878, 0.5910441534970297, 0.5818682421150765, 0.8585543922495819]",14,34.808327055,"[0.5375759008337379, 0.8599033686193067, 0.962977813990856, 0.638123627139217]",1,1696842662.3628929,0,{'runtime': 317},318.47771096229553,271.532002928,60000,"[0.07036314375685987, 0.12077210786732363, 0.13914034510474263, 0.11543289387808477]",306.340401296,10000,9176,0.0382,"['<PyCall.jlwrap tanh>', '<PyCall.jlwrap tanh>', '<PyCall.jlwrap tanh>', '<PyCall.jlwrap tanh>']",4,"[1, 1, 1, 1]"
24,"[0.9374499360310324, 0.8080041674748989, 0.8149711344092959, 0.9213229881364376, 1.3796254717838463]","[2000, 2196, 2392, 2588, 2784]",1056,"[1.211145018940654, 0.5236023110117203, 1.0824394334603626, 0.5185112055445358, 0.5449236206881966]",14,44.457666782,"[1.402319880222608, 1.0054198272712664, 0.8572675720459555, 0.67259223552639, 1.048589967390462]",1,1696842331.72902,0,{'runtime': 411},412.8742980957031,352.018424898,60000,"[0.18826729434994047, 0.09585738636892964, 0.01929455908175583, 0.05902724811954583, 0.06619510635037121]",396.476136094,10000,11960,0.0371,"['<PyCall.jlwrap tanh>', '<PyCall.jlwrap tanh>', '<PyCall.jlwrap tanh>', '<PyCall.jlwrap tanh>', '<PyCall.jlwrap tanh>']",5,"[1, 1, 1, 1, 1]"
25,"[0.6192988372195652, 1.2471511174110947, 1.379377071419486, 1.126674125521687, 0.6782656904391652, 1.3915563341219142]","[2000, 2196, 2392, 2588, 2784, 2980]",510,"[0.9878615983746444, 1.1641222220987777, 0.9137404199131252, 0.9995635469756556, 1.4535745082543654, 0.6851786803274781]",14,54.370084807,"[0.572040581385185, 0.9281552380915168, 1.2408784828421142, 1.497625095592368, 1.435782877003278, 1.4864908940634998]",1,1696841901.6081438,0,{'runtime': 503},504.22904872894287,427.725964173,60000,"[0.026308657594644826, 0.07072195247901053, 0.060952678866318555, 0.1997933210105855, 0.101006682627745, 0.017393933264995394]",482.096089736,10000,14940,0.0367,"['<PyCall.jlwrap tanh>', '<PyCall.jlwrap tanh>', '<PyCall.jlwrap tanh>', '<PyCall.jlwrap tanh>', '<PyCall.jlwrap tanh>', '<PyCall.jlwrap tanh>']",6,"[1, 1, 1, 1, 1, 1]"
26,"[1.3894334182020551, 0.6659805681688056, 0.8697271016786576, 0.662313593772075, 1.1526248459628143, 1.0007604124180434, 1.447282242617196]","[2000, 2196, 2392, 2588, 2784, 2980, 3176]",9749,"[1.0794288465171378, 1.366232084849379, 1.2496578634055029, 1.330608512017107, 1.0777788438331457, 0.582534468542057, 1.2140819852357407]",14,64.319245726,"[0.8368097101228541, 1.022909165740555, 0.609558683128346, 0.6828842877708559, 0.6611342835162997, 0.9181016114879996, 0.6652648709551798]",1,1696841386.1974769,0,{'runtime': 581},582.4780988693237,485.960655085,60000,"[0.07834292960148417, 0.11197215798765556, 0.11382286316984812, 0.05421055372047011, 0.1115171540317628, 0.08633733561677957, 0.04420876314453633]",550.279960502,10000,18116,0.0385,"['<PyCall.jlwrap tanh>', '<PyCall.jlwrap tanh>', '<PyCall.jlwrap tanh>', '<PyCall.jlwrap tanh>', '<PyCall.jlwrap tanh>', '<PyCall.jlwrap tanh>', '<PyCall.jlwrap tanh>']",7,"[1, 1, 1, 1, 1, 1, 1]"
27,"[1.1335791215932018, 1.177718598447921, 1.475760718837107, 1.4089557636624273, 0.8971242328036264, 0.7467217834617004, 0.8372751414132112, 1.4549119989582189]","[2000, 2196, 2392, 2588, 2784, 2980, 3176, 3372]",1748,"[0.7297485091338993, 1.4836168888164578, 0.9618731195132316, 0.7817747891675285, 1.044093691446949, 1.427752000908333, 1.3445508557523045, 0.5978306086090537]",14,72.058882972,"[1.0803261724084656, 1.2601264241957386, 0.6756889551754276, 0.7132010370442841, 0.9657438398709264, 0.5957258142377828, 1.3522882388412496, 0.5770873611022718]",1,1696840792.329062,0,{'runtime': 683},684.7952880859375,572.910371146,60000,"[0.05618990449579164, 0.15091853661037172, 0.1362297483665159, 0.12702940924005882, 0.11960692692683418, 0.05837972908098905, 0.139228258400748, 0.08896463574072518]",644.969321944,10000,21488,0.0354,"['<PyCall.jlwrap tanh>', '<PyCall.jlwrap tanh>', '<PyCall.jlwrap tanh>', '<PyCall.jlwrap tanh>', '<PyCall.jlwrap tanh>', '<PyCall.jlwrap tanh>', '<PyCall.jlwrap tanh>', '<PyCall.jlwrap tanh>']",8,"[1, 1, 1, 1, 1, 1, 1, 1]"
28,"[0.8927156693443803, 1.2285337315386675, 1.052128481703663, 1.194440126851192, 0.9167525406497278, 1.389167342404708, 0.7539677335713155, 0.5135558689241592, 0.5900397018683671]","[2000, 2196, 2392, 2588, 2784, 2980, 3176, 3372, 3568]",1573,"[1.1526258086909478, 0.586704979743649, 1.3860496297591025, 0.711934777174943, 0.8007779597208986, 0.5085107466678254, 0.8127575875939257, 0.5024437966956432, 1.2278945733032431]",14,85.423885279,"[0.7445395947378739, 1.251304534631479, 0.6324994478280913, 1.277879866384327, 1.1212733474854135, 0.9511117990616312, 0.5980566426026432, 0.5846007886916997, 0.978534968911579]",1,1696840096.570552,0,{'runtime': 825},826.207035779953,681.845733401,60000,"[0.108184832533648, 0.18018239042647688, 0.1701926049612805, 0.19945856164235976, 0.17053269913720193, 0.1973358323716993, 0.14142286616717686, 0.011397911917357027, 0.14947742464453223]",767.269672823,10000,25056,0.0379,"['<PyCall.jlwrap tanh>', '<PyCall.jlwrap tanh>', '<PyCall.jlwrap tanh>', '<PyCall.jlwrap tanh>', '<PyCall.jlwrap tanh>', '<PyCall.jlwrap tanh>', '<PyCall.jlwrap tanh>', '<PyCall.jlwrap tanh>', '<PyCall.jlwrap tanh>']",9,"[1, 1, 1, 1, 1, 1, 1, 1, 1]"
29,"[0.6388444887857092, 0.7254703523643302, 0.986416653665282, 1.401174598259611, 0.912902899160576, 0.9440365963158878, 1.3413411568924474, 0.6305841603277664, 0.6524938857531599, 1.2886107878110271]","[2000, 2196, 2392, 2588, 2784, 2980, 3176, 3372, 3568, 3764]",4604,"[0.7281851737955162, 0.8056075127756879, 0.9608363473982916, 1.013559397388196, 1.2651389589133957, 0.5141243179049756, 1.169919968999496, 1.2871525795192087, 0.8351325876128282, 0.6265367782669103]",14,98.847951224,"[0.7481748987493232, 1.3035396556229446, 0.6458263951635727, 0.9955224685710282, 1.1653962320068896, 0.6739088163652416, 1.0205975429001155, 1.3485342834046457, 1.1457088107410314, 0.8989017544425899]",1,1696839258.5326233,0,{'runtime': 939},940.4450972080232,779.453641623,60000,"[0.13510912998857033, 0.038878003011152455, 0.12213804558665424, 0.07286784889547596, 0.0660961913862623, 0.17838991111572872, 0.1245053656583108, 0.13918894414539115, 0.019237439070851493, 0.19350048272953957]",878.30163194,10000,28820,0.0348,"['<PyCall.jlwrap tanh>', '<PyCall.jlwrap tanh>', '<PyCall.jlwrap tanh>', '<PyCall.jlwrap tanh>', '<PyCall.jlwrap tanh>', '<PyCall.jlwrap tanh>', '<PyCall.jlwrap tanh>', '<PyCall.jlwrap tanh>', '<PyCall.jlwrap tanh>', '<PyCall.jlwrap tanh>']",10,"[1, 1, 1, 1, 1, 1, 1, 1, 1, 1]"
30,1.2092532629979127,2000,1657,1.269947761801148,14,7.431385927,1.1012173649053143,1,1696838305.4703844,0,{'runtime': 96},97.9855604171753,87.32420631,60000,0.06553789361962586,94.755628926,10000,2000,0.0342,['<PyCall.jlwrap tanh>'],1,1
31,"[1.2594473079394597, 1.313566950849413]","[2000, 2196]",8055,"[1.0197725493291818, 0.535096495985775]",14,13.627612189,"[1.0379300953475483, 0.985128998329057]",1,1696838195.5658035,0,{'runtime': 151},152.97322845458984,133.839856523,60000,"[0.0935699792348568, 0.1539497685473486]",147.467506793,10000,4196,0.0337,"['<PyCall.jlwrap tanh>', '<PyCall.jlwrap tanh>']",2,"[1, 1]"
32,"[0.8421101920383569, 1.0253069509426662, 1.3781887898836684]","[2000, 2196, 2392]",1768,"[1.4600479003773992, 1.0341246056234032, 1.2230735969869029]",14,21.661952891,"[1.3066739856902818, 0.8121717391606073, 1.02605368866652]",1,1696838031.101231,0,{'runtime': 220},222.18344712257385,192.101679879,60000,"[0.16336300298233963, 0.11698484339990108, 0.09496589598216766]",213.763674798,10000,6588,0.0394,"['<PyCall.jlwrap tanh>', '<PyCall.jlwrap tanh>', '<PyCall.jlwrap tanh>']",3,"[1, 1, 1]"
33,"[0.8038089321782779, 0.7383018801670267, 0.6238718152397186, 0.7730246063164948]","[2000, 2196, 2392, 2588]",544,"[0.610519590778336, 0.597737319327949, 1.0263211371187253, 1.3639549228624728]",14,35.427020672,"[0.5663682685631543, 0.5763133305251468, 0.9295263900767712, 1.0432911043171198]",1,1696837796.3646266,0,{'runtime': 320},321.56958055496216,274.010938173,60000,"[0.14469540975778517, 0.18781387675540293, 0.1650811476503735, 0.07264006877332571]",309.437997978,10000,9176,0.033,"['<PyCall.jlwrap tanh>', '<PyCall.jlwrap tanh>', '<PyCall.jlwrap tanh>', '<PyCall.jlwrap tanh>']",4,"[1, 1, 1, 1]"
34,"[0.7762102413389915, 1.0485657708365514, 0.6723073814562475, 1.3706459552210903, 0.9910012436269596]","[2000, 2196, 2392, 2588, 2784]",5900,"[0.7797680492110608, 0.8440019350479755, 0.9047438919260578, 1.4985126122986134, 0.9275844521110392]",14,44.606614443,"[1.260295270491521, 1.363441220115858, 0.8436119973277676, 1.2981126169450643, 0.9600646130684014]",1,1696837464.1668956,0,{'runtime': 410},411.620888710022,350.32081165,60000,"[0.03725810846405533, 0.0603733588896153, 0.0958677681787682, 0.029923555049309367, 0.04486839437688596]",394.927475235,10000,11960,0.0351,"['<PyCall.jlwrap tanh>', '<PyCall.jlwrap tanh>', '<PyCall.jlwrap tanh>', '<PyCall.jlwrap tanh>', '<PyCall.jlwrap tanh>']",5,"[1, 1, 1, 1, 1]"
35,"[1.4718814028431388, 1.3577184857809694, 0.7207431383964914, 1.1068408476747185, 0.8336379085353774, 1.1629529990163758]","[2000, 2196, 2392, 2588, 2784, 2980]",6597,"[1.049261430923349, 0.6663026157810279, 1.3101184645616717, 0.9786585533225411, 1.414921303075831, 1.0754963943346891]",14,54.719380505,"[0.6943815350254915, 1.1114399886847697, 0.9447717178421596, 0.8048556142654356, 0.9502483871302058, 1.4970837499757157]",1,1696837041.7554069,0,{'runtime': 504},505.14125776290894,427.942307613,60000,"[0.05757360841601259, 0.15900437515883586, 0.06169268911711137, 0.07568774586656876, 0.05603664332166835, 0.12329981856006576]",482.661763349,10000,14940,0.0378,"['<PyCall.jlwrap tanh>', '<PyCall.jlwrap tanh>', '<PyCall.jlwrap tanh>', '<PyCall.jlwrap tanh>', '<PyCall.jlwrap tanh>', '<PyCall.jlwrap tanh>']",6,"[1, 1, 1, 1, 1, 1]"
36,"[1.3009208812554205, 0.7011184225540193, 0.7804832298906723, 1.121435433100504, 0.8508872931153078, 1.382786792515641, 1.2739286678383173]","[2000, 2196, 2392, 2588, 2784, 2980, 3176]",439,"[0.5082447407372944, 1.145304089093922, 1.404445465387706, 0.7445218302861074, 1.314036123615867, 0.8939234162308838, 1.3898264689220314]",14,64.994873364,"[1.3016040456300848, 0.6281757436121895, 0.7965627862724188, 0.7164413367936037, 0.6605142979518561, 0.6644885522338654, 1.1341227033113197]",1,1696836523.4359295,0,{'runtime': 601},602.1883015632629,507.092963097,60000,"[0.1025824651694144, 0.0913496483613774, 0.08707739090750123, 0.08178209315154293, 0.0335954591481624, 0.13825072280641498, 0.03579958571226326]",572.087875967,10000,18116,0.0341,"['<PyCall.jlwrap tanh>', '<PyCall.jlwrap tanh>', '<PyCall.jlwrap tanh>', '<PyCall.jlwrap tanh>', '<PyCall.jlwrap tanh>', '<PyCall.jlwrap tanh>', '<PyCall.jlwrap tanh>']",7,"[1, 1, 1, 1, 1, 1, 1]"
37,"[0.7737151049228677, 1.2374491951919695, 0.5807801729547565, 1.3991405909241836, 1.0828626390928795, 1.0761856065394917, 0.5440114525413703, 1.3993633218413744]","[2000, 2196, 2392, 2588, 2784, 2980, 3176, 3372]",3239,"[0.8753445106071838, 0.5473577906386096, 1.0296848272343355, 1.0368687382182016, 1.3941155621622503, 0.9568237902824732, 0.7102226348204824, 1.4287998386557217]",14,75.808610847,"[1.339654980730503, 1.399757145784843, 0.6341382681870205, 1.4149900102157331, 0.8470019700401673, 0.8614169583493575, 0.6368297213201985, 0.7639241397099686]",1,1696835908.3534577,0,{'runtime': 703},705.4778604507446,590.299401979,60000,"[0.0792540106818607, 0.10874860277506188, 0.11737939826625986, 0.07246565629214297, 0.037530094437760904, 0.06214839603138219, 0.10527344439294456, 0.11304001141592994]",666.108061678,10000,21488,0.0361,"['<PyCall.jlwrap tanh>', '<PyCall.jlwrap tanh>', '<PyCall.jlwrap tanh>', '<PyCall.jlwrap tanh>', '<PyCall.jlwrap tanh>', '<PyCall.jlwrap tanh>', '<PyCall.jlwrap tanh>', '<PyCall.jlwrap tanh>']",8,"[1, 1, 1, 1, 1, 1, 1, 1]"
38,"[1.1345698646892837, 1.3599058819752718, 1.116600807056646, 1.1017976940642575, 1.267566910703226, 0.8253810694461948, 1.3629411525854866, 0.5421772040488475, 0.5822094073249504]","[2000, 2196, 2392, 2588, 2784, 2980, 3176, 3372, 3568]",1983,"[0.5769995848846224, 1.0506856555026267, 1.260006398813121, 1.2293024867082938, 1.0598593796398663, 0.8876971793939855, 0.652319032908724, 1.245883866369213, 0.5670980112219003]",14,87.746526461,"[1.3936546759110262, 1.2985682529879243, 0.7003333067917955, 1.4105828438949617, 0.8482018788909732, 0.5072480994068598, 0.6474319764378682, 0.5188163937200152, 1.3071686657019912]",1,1696835191.121336,0,{'runtime': 817},819.1818010807037,680.531693182,60000,"[0.07487358343968883, 0.13366965930829697, 0.159186410845846, 0.19430748664294611, 0.09383657827014266, 0.07558697813250453, 0.07686250962085835, 0.08360047420942605, 0.14733840497800493]",768.278288282,10000,25056,0.0336,"['<PyCall.jlwrap tanh>', '<PyCall.jlwrap tanh>', '<PyCall.jlwrap tanh>', '<PyCall.jlwrap tanh>', '<PyCall.jlwrap tanh>', '<PyCall.jlwrap tanh>', '<PyCall.jlwrap tanh>', '<PyCall.jlwrap tanh>', '<PyCall.jlwrap tanh>']",9,"[1, 1, 1, 1, 1, 1, 1, 1, 1]"
39,"[0.7452291637368967, 0.6398052888146936, 1.1392665349649749, 0.682383100770627, 0.5420842733492603, 0.6049406413961222, 0.5979280385278403, 0.5817703628845431, 1.1698064528797034, 1.183565337860955]","[2000, 2196, 2392, 2588, 2784, 2980, 3176, 3372, 3568, 3764]",9270,"[0.6553559272241113, 1.3128558501444758, 0.931098273685582, 1.4451547895372905, 0.8714269638929815, 0.9483364483209836, 1.247317179192519, 1.003250586645224, 1.1096902143807512, 0.9350023231153706]",14,101.539003435,"[0.5206022215950179, 0.7026109126785214, 0.6334582609304419, 1.008338842510605, 1.010777493067826, 1.010763755617196, 0.5144447797478463, 0.9113496243032164, 0.7012156554384099, 0.6691598082902596]",1,1696834360.5970464,0,{'runtime': 975},975.820014476776,805.431325588,60000,"[0.050832080708621386, 0.18713650952808217, 0.07337011839837464, 0.055386354899468165, 0.0301678231605367, 0.09191766557623564, 0.199008765181784, 0.02128616168414697, 0.12407000712147416, 0.09746337376302278]",907.068543107,10000,28820,0.0347,"['<PyCall.jlwrap tanh>', '<PyCall.jlwrap tanh>', '<PyCall.jlwrap tanh>', '<PyCall.jlwrap tanh>', '<PyCall.jlwrap tanh>', '<PyCall.jlwrap tanh>', '<PyCall.jlwrap tanh>', '<PyCall.jlwrap tanh>', '<PyCall.jlwrap tanh>', '<PyCall.jlwrap tanh>']",10,"[1, 1, 1, 1, 1, 1, 1, 1, 1, 1]"
40,1.3202028787398363,2000,3822,0.9962454630564804,14,7.775840568,1.2987298943074672,1,1696792615.6499648,0,{'runtime': 98},99.98445177078248,88.279610787,60000,0.1682372237035173,96.055493295,10000,2000,0.0336,['<PyCall.jlwrap tanh>'],1,1
41,"[0.875402944671339, 1.4780827015232871]","[2000, 2196]",8493,"[0.6911569428472504, 1.4450403837557615]",14,14.344325282,"[1.1672423132910807, 1.2096421752822943]",1,1696792511.3411243,0,{'runtime': 155},156.34225344657898,135.264452057,60000,"[0.16994491035947515, 0.10260621751462154]",149.608827183,10000,4196,0.0347,"['<PyCall.jlwrap tanh>', '<PyCall.jlwrap tanh>']",2,"[1, 1]"
42,"[0.8421101920383569, 1.0253069509426662, 1.3781887898836684]","[2000, 2196, 2392]",1768,"[1.4600479003773992, 1.0341246056234032, 1.2230735969869029]",14,21.99888408,"[1.3066739856902818, 0.8121717391606073, 1.02605368866652]",1,1696792350.7432542,0,{'runtime': 225},226.42840027809143,194.11216606,60000,"[0.16336300298233963, 0.11698484339990108, 0.09496589598216766]",216.111091628,10000,6588,0.0394,"['<PyCall.jlwrap tanh>', '<PyCall.jlwrap tanh>', '<PyCall.jlwrap tanh>']",3,"[1, 1, 1]"
43,"[0.915785864780473, 0.5993477953995044, 1.0685865870359916, 1.3333290055813685]","[2000, 2196, 2392, 2588]",2438,"[0.5218744591519878, 1.2347210268755195, 0.8072286037962061, 1.2583492100825544]",14,34.186223415,"[1.42657600185473, 1.1825161126787265, 0.65420877368846, 1.1035100985464856]",1,1696792120.0653305,0,{'runtime': 320},321.47565960884094,271.316444199,60000,"[0.023803729949038906, 0.14236264810359067, 0.17145431781946496, 0.19315529362377468]",305.502711336,10000,9176,0.0307,"['<PyCall.jlwrap tanh>', '<PyCall.jlwrap tanh>', '<PyCall.jlwrap tanh>', '<PyCall.jlwrap tanh>']",4,"[1, 1, 1, 1]"
44,"[1.490418471886115, 0.8134385034803386, 0.6468363604257363, 1.1693797515347235, 1.074496604902039]","[2000, 2196, 2392, 2588, 2784]",6101,"[1.2702527984153744, 0.6667769732627588, 0.7707724462501033, 1.099477444083384, 1.0304333851169596]",14,43.358938301,"[0.8506451627017498, 1.275674687043473, 1.311808273519274, 0.5303606784543582, 1.0842051887656323]",1,1696791793.7938926,0,{'runtime': 409},410.2340307235718,346.347323891,60000,"[0.12336417080469685, 0.1826723681015542, 0.0936070580986946, 0.06517973169466387, 0.011944460457571403]",389.706377811,10000,11960,0.0372,"['<PyCall.jlwrap tanh>', '<PyCall.jlwrap tanh>', '<PyCall.jlwrap tanh>', '<PyCall.jlwrap tanh>', '<PyCall.jlwrap tanh>']",5,"[1, 1, 1, 1, 1]"
45,"[1.2084120722478926, 0.5738726515888568, 0.5586583264132094, 0.5245859421812201, 0.5780474000865479, 0.5223199818106063]","[2000, 2196, 2392, 2588, 2784, 2980]",6513,"[0.9326019259806048, 0.9370316851432028, 1.0776914686413923, 1.2271038711873838, 1.27064649287222, 1.2946358110485]",14,53.642303153,"[1.134857509747079, 1.1406194279852797, 1.4829877423261977, 0.66461356249282, 1.0716899335070709, 1.2967933799938036]",1,1696791379.5527537,0,{'runtime': 503},504.7147226333618,423.861231088,60000,"[0.18888057288596805, 0.13059585122148337, 0.1802093260099262, 0.05091273646805616, 0.06473850420285343, 0.1915489462371837]",477.50357599,10000,14940,0.0359,"['<PyCall.jlwrap tanh>', '<PyCall.jlwrap tanh>', '<PyCall.jlwrap tanh>', '<PyCall.jlwrap tanh>', '<PyCall.jlwrap tanh>', '<PyCall.jlwrap tanh>']",6,"[1, 1, 1, 1, 1, 1]"
46,"[1.3027628308284838, 1.287170528142839, 1.1012575953095074, 1.441992985508675, 0.7295870320356558, 0.8989774222895349, 0.9091320492640704]","[2000, 2196, 2392, 2588, 2784, 2980, 3176]",8413,"[0.795016145312437, 1.2969425048639969, 1.4075666799802455, 0.915705454998871, 0.6662521965589077, 0.8939746769334292, 0.5803105575068579]",14,64.277843519,"[0.974344270143446, 0.9553931491388378, 0.6094309959997852, 0.8633904616958176, 0.587762184910981, 0.9563505122557924, 1.2878790820596624]",1,1696790870.964758,0,{'runtime': 601},602.867978811264,503.134167508,60000,"[0.05172383260009933, 0.07490796649612702, 0.16421512370659333, 0.03613694470504676, 0.031216336337241808, 0.19912649443151564, 0.08921617746694076]",567.412085697,10000,18116,0.0379,"['<PyCall.jlwrap tanh>', '<PyCall.jlwrap tanh>', '<PyCall.jlwrap tanh>', '<PyCall.jlwrap tanh>', '<PyCall.jlwrap tanh>', '<PyCall.jlwrap tanh>', '<PyCall.jlwrap tanh>']",7,"[1, 1, 1, 1, 1, 1, 1]"
47,"[0.5336141473938835, 1.4252196526790626, 0.8963501342972473, 0.9944309986288192, 0.6476015031632734, 1.236681597581521, 0.5082530470586933, 1.0904814622120722]","[2000, 2196, 2392, 2588, 2784, 2980, 3176, 3372]",2290,"[1.473612937987455, 0.7990584254590538, 0.6847706417250159, 1.186194061171565, 0.9679617528671868, 1.2089728447064298, 0.8860860380307068, 1.4716001490761714]",14,75.269109222,"[0.9406045803143128, 0.7961091010503559, 0.8474239069647439, 1.4140355295083724, 0.789881883243783, 1.276580677800731, 0.6529696622008108, 0.8550926484618311]",1,1696790264.1280112,0,{'runtime': 760},761.8202152252197,636.099007257,60000,"[0.1426747592190049, 0.14587518417188886, 0.03440865953848008, 0.14184234520929376, 0.15442526318238753, 0.06640212225876352, 0.07938614552181782, 0.05740578531485162]",711.368188715,10000,21488,0.0367,"['<PyCall.jlwrap tanh>', '<PyCall.jlwrap tanh>', '<PyCall.jlwrap tanh>', '<PyCall.jlwrap tanh>', '<PyCall.jlwrap tanh>', '<PyCall.jlwrap tanh>', '<PyCall.jlwrap tanh>', '<PyCall.jlwrap tanh>']",8,"[1, 1, 1, 1, 1, 1, 1, 1]"
48,"[0.9847484321619894, 0.7258905905395406, 0.5832238488290451, 0.8053683581546959, 1.4384338674058548, 0.6660673119512254, 1.0907198550515989, 1.0495668251557757, 1.1018405181953903]","[2000, 2196, 2392, 2588, 2784, 2980, 3176, 3372, 3568]",9622,"[0.8445640713900052, 0.8630155829943331, 0.5198352286788946, 0.6273608067256554, 1.1069167953196275, 0.6525456515407632, 0.5956958096040801, 1.1126912805945823, 1.0386955134289622]",14,96.622529552,"[0.5403316798260882, 0.8904091732547385, 0.8459971696388966, 0.9889797169025304, 1.4200947164387858, 1.1441837101536232, 0.981296438224392, 0.5391451460277408, 1.471897424055561]",1,1696789498.2006009,0,{'runtime': 891},893.022029876709,733.091344184,60000,"[0.04426726049224758, 0.022211582130538376, 0.038712756712861306, 0.03147690051053322, 0.10156071291541686, 0.05864542508423476, 0.1105646168742147, 0.1105079433591632, 0.09939108313946572]",829.713914473,10000,25056,0.0376,"['<PyCall.jlwrap tanh>', '<PyCall.jlwrap tanh>', '<PyCall.jlwrap tanh>', '<PyCall.jlwrap tanh>', '<PyCall.jlwrap tanh>', '<PyCall.jlwrap tanh>', '<PyCall.jlwrap tanh>', '<PyCall.jlwrap tanh>', '<PyCall.jlwrap tanh>']",9,"[1, 1, 1, 1, 1, 1, 1, 1, 1]"
49,"[0.8376538104863317, 0.784734684407245, 1.220181672247021, 0.8987667878792815, 1.0724642235906388, 1.0816902344428374, 1.3709200039684233, 1.1522983215502691, 1.0135596934901172, 0.9824111245211512]","[2000, 2196, 2392, 2588, 2784, 2980, 3176, 3372, 3568, 3764]",4539,"[1.4884590437117249, 0.5575216815429381, 0.5349401093137764, 1.3815544266108652, 0.7968363375380906, 1.0205201936609072, 1.3688971190024315, 1.2574243251258528, 1.4896579432018542, 1.467871130470813]",14,113.165233861,"[1.1562234272581828, 1.4204198007948947, 0.6449033413896845, 0.8451114224197216, 0.912176115404582, 1.366623386788328, 1.205702107761597, 0.9307352038279464, 1.25528179633312, 0.7674284620122005]",1,1696788595.3143013,0,{'runtime': 1061},1062.3195343017578,863.231613968,60000,"[0.049189207185761266, 0.10883407786093692, 0.19243240997309408, 0.019180550935821543, 0.029403522125355963, 0.1366089865780495, 0.16396190614935993, 0.09590326934337794, 0.18261957016131325, 0.19772152528317108]",976.559847413,10000,28820,0.042,"['<PyCall.jlwrap tanh>', '<PyCall.jlwrap tanh>', '<PyCall.jlwrap tanh>', '<PyCall.jlwrap tanh>', '<PyCall.jlwrap tanh>', '<PyCall.jlwrap tanh>', '<PyCall.jlwrap tanh>', '<PyCall.jlwrap tanh>', '<PyCall.jlwrap tanh>', '<PyCall.jlwrap tanh>']",10,"[1, 1, 1, 1, 1, 1, 1, 1, 1, 1]"
50,0.6962662833525214,2000,2300,0.5155359382997073,14,9.16634751,1.329370818457726,1,1696534642.5953472,0,{'runtime': 108},109.52472305297852,95.260828703,60000,0.15468726033677946,104.427257036,10000,2000,0.0304,['<PyCall.jlwrap tanh>'],1,1
51,"[0.5893313609759169, 1.265816931459447]","[2000, 2196]",3883,"[1.1424956045601016, 1.3778764602770472]",14,19.127622552,"[1.4551309785855735, 0.6199095183716504]",1,1696534527.7711382,0,{'runtime': 191},192.79283118247983,162.908159405,60000,"[0.06519189547440006, 0.1909083856258837]",182.035839626,10000,4196,0.0345,"['<PyCall.jlwrap tanh>', '<PyCall.jlwrap tanh>']",2,"[1, 1]"
52,"[1.0674229348911772, 1.1753025561745605, 0.7572415497067299]","[2000, 2196, 2392]",8459,"[1.3597230100514477, 1.322384697323512, 0.6292890411737857]",14,29.227632828,"[1.3797238284539857, 0.6464096877821256, 1.0820451314985662]",1,1696534330.3280313,0,{'runtime': 278},279.4436511993408,232.393898393,60000,"[0.11015318138179796, 0.15980200628190586, 0.07947107908531063]",261.621600001,10000,6588,0.0392,"['<PyCall.jlwrap tanh>', '<PyCall.jlwrap tanh>', '<PyCall.jlwrap tanh>']",3,"[1, 1, 1]"
53,"[1.4595188820634055, 1.485384655288934, 1.4071956529304677, 0.9348213414846912]","[2000, 2196, 2392, 2588]",6055,"[1.0499914585991084, 1.181415521647359, 1.161540926684121, 0.6955110855638449]",14,39.758664501,"[0.76729661576889, 0.9991976311938496, 1.131883502801605, 0.7892848194674723]",1,1696534045.608095,0,{'runtime': 372},373.8960168361664,307.06810995,60000,"[0.11118282226363951, 0.08003050303660034, 0.19505474240644372, 0.1858413028283464]",346.826835678,10000,9176,0.0368,"['<PyCall.jlwrap tanh>', '<PyCall.jlwrap tanh>', '<PyCall.jlwrap tanh>', '<PyCall.jlwrap tanh>']",4,"[1, 1, 1, 1]"
54,"[1.1283344435216331, 0.6589025672310128, 0.9565507446270644, 1.1862085446626065, 0.9466000967103776]","[2000, 2196, 2392, 2588, 2784]",2327,"[0.6784334744563361, 0.9361542817568412, 0.7971242215498664, 0.8620539833691734, 1.2097898080204277]",14,50.058807265,"[1.3473416781581045, 1.085010540903472, 0.9335448533141124, 1.416849189252611, 1.0107268950515365]",1,1696533665.1137574,0,{'runtime': 467},469.16008734703064,381.181902912,60000,"[0.04390176789765082, 0.06962978888822682, 0.1950888011219545, 0.10460102214986128, 0.028267364614518183]",431.240771022,10000,11960,0.035,"['<PyCall.jlwrap tanh>', '<PyCall.jlwrap tanh>', '<PyCall.jlwrap tanh>', '<PyCall.jlwrap tanh>', '<PyCall.jlwrap tanh>']",5,"[1, 1, 1, 1, 1]"
55,"[1.2764321824869849, 0.8569649286869105, 1.2266150051885814, 1.0809107675825358, 1.0097867516139982, 0.5168150016319109]","[2000, 2196, 2392, 2588, 2784, 2980]",1906,"[0.6102415718912391, 0.5098007726809421, 0.7786458425228568, 0.8381519538829573, 0.5399351633387011, 1.4002287786387595]",14,60.958387237,"[1.3374210441501306, 0.5549052424605697, 0.6124367475972141, 0.563609262228743, 0.6401293289528034, 0.9163740933272664]",1,1696533191.3889782,0,{'runtime': 566},567.4587471485138,465.22532743,60000,"[0.11874629675552034, 0.021726090169036386, 0.02929537086276693, 0.05868790357114851, 0.05528819011898564, 0.04882154683658064]",526.183775703,10000,14940,0.0349,"['<PyCall.jlwrap tanh>', '<PyCall.jlwrap tanh>', '<PyCall.jlwrap tanh>', '<PyCall.jlwrap tanh>', '<PyCall.jlwrap tanh>', '<PyCall.jlwrap tanh>']",6,"[1, 1, 1, 1, 1, 1]"
56,"[0.6678448638684283, 1.1586807437446962, 0.5765143996339414, 0.6288646785596238, 0.6283343866384419, 0.7681302800617711, 1.1549867251570665]","[2000, 2196, 2392, 2588, 2784, 2980, 3176]",7085,"[0.877517571730901, 0.975659377148448, 0.6736492988946827, 1.0914058146172072, 0.7864355552296318, 1.113927683659484, 0.9368898394669416]",14,65.518951654,"[0.832739854684271, 1.142705946241526, 1.4255325502802558, 0.7494874276022097, 1.199613575327271, 1.2008880292793491, 1.3917506325047206]",1,1696532618.9552886,0,{'runtime': 602},603.6386115550995,503.112945012,60000,"[0.1573812817977622, 0.1118498313212135, 0.06488426982366219, 0.13333149544116818, 0.14118390553073162, 0.07192864583741274, 0.07742095433061047]",568.631942642,10000,18116,0.0371,"['<PyCall.jlwrap tanh>', '<PyCall.jlwrap tanh>', '<PyCall.jlwrap tanh>', '<PyCall.jlwrap tanh>', '<PyCall.jlwrap tanh>', '<PyCall.jlwrap tanh>', '<PyCall.jlwrap tanh>']",7,"[1, 1, 1, 1, 1, 1, 1]"
57,"[0.5304615101903609, 0.9021223777094493, 0.6312595333257123, 0.9029921253038796, 1.4325027816291769, 1.1513603167581958, 0.9825374343255616, 0.8524038616983972]","[2000, 2196, 2392, 2588, 2784, 2980, 3176, 3372]",6626,"[0.718257132292773, 1.2806940771392998, 1.2266142992688769, 1.0980578904526204, 0.5392869759575655, 0.601137975299449, 0.9672144277980432, 1.487192641716001]",14,74.734555152,"[1.4225864887283135, 1.3691762842154958, 0.7553528150247781, 1.1236080374335764, 0.566826266597505, 1.0846360063224445, 1.1008616357701464, 1.3347330739145478]",1,1696532010.587499,0,{'runtime': 698},699.2813739776611,580.476800758,60000,"[0.05612905880675088, 0.10645182575448348, 0.1873422246100037, 0.05467310864570296, 0.13647736719492243, 0.09007228032650366, 0.15597750881002082, 0.052397855745947755]",655.211410924,10000,21488,0.0364,"['<PyCall.jlwrap tanh>', '<PyCall.jlwrap tanh>', '<PyCall.jlwrap tanh>', '<PyCall.jlwrap tanh>', '<PyCall.jlwrap tanh>', '<PyCall.jlwrap tanh>', '<PyCall.jlwrap tanh>', '<PyCall.jlwrap tanh>']",8,"[1, 1, 1, 1, 1, 1, 1, 1]"
58,"[0.9683996016020536, 1.110053716365913, 1.1032853263416007, 0.8174708024433496, 0.8805328189486414, 0.7530062787156151, 1.3198707740228717, 0.5703961474862304, 1.122474989188507]","[2000, 2196, 2392, 2588, 2784, 2980, 3176, 3372, 3568]",2390,"[1.1302244849707268, 0.915167356510298, 1.29333124067729, 1.1958613091547263, 1.4414765526534508, 1.1980582329165954, 1.3838128867774555, 1.2117627347101103, 1.1077492276096077]",14,88.286180874,"[0.9403126302007264, 1.3707961071671382, 0.5147505174015367, 1.3684049140157568, 1.2349977526075255, 1.2825774780191923, 0.740450322211561, 0.9390948152275972, 1.176753935187901]",1,1696531306.9383297,0,{'runtime': 824},825.7375094890594,682.825237678,60000,"[0.055067016507190245, 0.1407419736403726, 0.17421733167888742, 0.14081382839637108, 0.1858035835417549, 0.016820508700928605, 0.01054528136676137, 0.148777461513362, 0.1287820089581994]",771.111504836,10000,25056,0.038,"['<PyCall.jlwrap tanh>', '<PyCall.jlwrap tanh>', '<PyCall.jlwrap tanh>', '<PyCall.jlwrap tanh>', '<PyCall.jlwrap tanh>', '<PyCall.jlwrap tanh>', '<PyCall.jlwrap tanh>', '<PyCall.jlwrap tanh>', '<PyCall.jlwrap tanh>']",9,"[1, 1, 1, 1, 1, 1, 1, 1, 1]"
59,"[0.5154489014114615, 1.158652589713386, 1.082263148965951, 1.1089880666877163, 1.390710458850927, 0.7863139775638591, 0.9848142980804327, 0.7311514586365381, 0.8990031687171115, 1.0498608797540498]","[2000, 2196, 2392, 2588, 2784, 2980, 3176, 3372, 3568, 3764]",3596,"[1.072150219624146, 1.204772999602287, 1.1231081837654562, 1.2815182908194, 0.5722905310285747, 1.4712015612385976, 0.5811527100387014, 1.094860482865044, 0.8268315606011258, 1.4525612712535048]",14,100.961850551,"[1.1799780427280335, 1.2003882846713467, 1.1939678495885306, 0.5034026740201587, 0.797286760145543, 1.3686189449766348, 0.951393565774131, 1.010289278404675, 1.4968125736970237, 1.1133378072046891]",1,1696530475.970148,0,{'runtime': 951},952.055281162262,779.528170719,60000,"[0.023126596950097004, 0.05271044918898042, 0.14458706191886425, 0.07529494881873058, 0.1729495900508096, 0.017720890918994266, 0.14367741897224512, 0.07738404839559151, 0.05433362636062762, 0.04915206552106158]",880.490093496,10000,28820,0.0391,"['<PyCall.jlwrap tanh>', '<PyCall.jlwrap tanh>', '<PyCall.jlwrap tanh>', '<PyCall.jlwrap tanh>', '<PyCall.jlwrap tanh>', '<PyCall.jlwrap tanh>', '<PyCall.jlwrap tanh>', '<PyCall.jlwrap tanh>', '<PyCall.jlwrap tanh>', '<PyCall.jlwrap tanh>']",10,"[1, 1, 1, 1, 1, 1, 1, 1, 1, 1]"
60,0.9854739366855622,2000,6678,1.1897461071951096,14,7.632287749,1.0437836904584743,1,1696524957.3538246,0,{'runtime': 98},99.93049454689026,87.88108258,60000,0.17416626715684466,95.513442565,10000,2000,0.0349,['<PyCall.jlwrap tanh>'],1,1
61,"[0.9120354533097422, 0.7909090291265629]","[2000, 2196]",7171,"[1.2551329168533565, 1.4340117116375874]",14,14.486350745,"[1.2298714208531225, 1.137073690089624]",1,1696524852.916114,0,{'runtime': 154},156.05033087730408,134.361542682,60000,"[0.09487941876687778, 0.014348220113969627]",148.847946376,10000,4196,0.0361,"['<PyCall.jlwrap tanh>', '<PyCall.jlwrap tanh>']",2,"[1, 1]"
62,"[0.8811931472741817, 1.0524812168097848, 1.384611185364852]","[2000, 2196, 2392]",5250,"[1.154347249415479, 0.8609675886680282, 0.9544813921451492]",14,21.660211799,"[1.2420750544068642, 0.8834464068269404, 0.9921218631554]",1,1696524692.5253792,0,{'runtime': 222},223.23577308654785,192.278427734,60000,"[0.0889311910521488, 0.11459241911007063, 0.08197285925579645]",213.938681322,10000,6588,0.0381,"['<PyCall.jlwrap tanh>', '<PyCall.jlwrap tanh>', '<PyCall.jlwrap tanh>']",3,"[1, 1, 1]"
63,"[1.4741569395646774, 1.2217650426690725, 1.2257299852251906, 0.946541328668293]","[2000, 2196, 2392, 2588]",2056,"[1.0115861109351505, 1.1836290833481191, 1.0016711771901925, 0.922824573661425]",14,32.642657592,"[1.4183587232300048, 1.1012946507608574, 0.6396039157967137, 0.7486397319143169]",1,1696524459.802969,0,{'runtime': 317},318.81222200393677,272.297004541,60000,"[0.020310902625883944, 0.08838226524426782, 0.12428810329938604, 0.18690133508410192]",304.939714792,10000,9176,0.035,"['<PyCall.jlwrap tanh>', '<PyCall.jlwrap tanh>', '<PyCall.jlwrap tanh>', '<PyCall.jlwrap tanh>']",4,"[1, 1, 1, 1]"
64,"[0.8277346685329493, 1.4046290713484777, 1.2123999186880006, 1.158284645078955, 1.2098181543711486]","[2000, 2196, 2392, 2588, 2784]",2769,"[1.0611105433034682, 0.6955662885686418, 0.8449069327305231, 0.5531245187619129, 0.7284148310863149]",14,44.508347991,"[0.5079726717034735, 0.5182400508321096, 0.5753825854105802, 1.1349433387077943, 0.7273173930860246]",1,1696524136.376978,0,{'runtime': 411},413.2793400287628,347.334679656,60000,"[0.10908476296829084, 0.14149373175645596, 0.06456469210677052, 0.08041697551033866, 0.08261366737632056]",391.843068564,10000,11960,0.0349,"['<PyCall.jlwrap tanh>', '<PyCall.jlwrap tanh>', '<PyCall.jlwrap tanh>', '<PyCall.jlwrap tanh>', '<PyCall.jlwrap tanh>']",5,"[1, 1, 1, 1, 1]"
65,"[0.5575114093134341, 1.1227720950107212, 1.3402752487861491, 1.1206346375165863, 0.5344085079816675, 0.5791554235144829]","[2000, 2196, 2392, 2588, 2784, 2980]",8000,"[1.3781100984855248, 1.0771464288849733, 1.101027093594273, 1.025308454809001, 1.3730199509582373, 0.8761094200637434]",14,53.401775517,"[0.8286134073690112, 0.6805693784684594, 1.0241134599964163, 1.4758351528442932, 1.2907472086649028, 1.101442997199518]",1,1696523719.0485764,0,{'runtime': 501},502.62788343429565,421.846356765,60000,"[0.15457207805578307, 0.015605933865335358, 0.13525297402638278, 0.05969303937264737, 0.13777631562095632, 0.0846033692789588]",475.248172738,10000,14940,0.0399,"['<PyCall.jlwrap tanh>', '<PyCall.jlwrap tanh>', '<PyCall.jlwrap tanh>', '<PyCall.jlwrap tanh>', '<PyCall.jlwrap tanh>', '<PyCall.jlwrap tanh>']",6,"[1, 1, 1, 1, 1, 1]"
66,"[1.3785031545718571, 1.4505847617564354, 0.5675444068800544, 1.117105965077549, 1.1861465253284755, 0.5870845746636258, 1.2393728839242144]","[2000, 2196, 2392, 2588, 2784, 2980, 3176]",1387,"[1.4659107165736922, 0.9844715432687736, 0.801558961311045, 1.2166593012343538, 0.6071170472196965, 1.3388533933051865, 1.366325691577796]",14,64.083296546,"[1.1968164705201896, 0.9236624343258164, 1.0392199609301065, 0.7116657777002694, 1.4891106586874543, 1.096799181610343, 0.9297359022610492]",1,1696523211.6248376,0,{'runtime': 600},601.1647255420685,500.866384799,60000,"[0.16993814427440598, 0.05762392325142833, 0.106899081727739, 0.02293973793693978, 0.04114157756920519, 0.12970351033762753, 0.10167389271870456]",564.949725971,10000,18116,0.0373,"['<PyCall.jlwrap tanh>', '<PyCall.jlwrap tanh>', '<PyCall.jlwrap tanh>', '<PyCall.jlwrap tanh>', '<PyCall.jlwrap tanh>', '<PyCall.jlwrap tanh>', '<PyCall.jlwrap tanh>']",7,"[1, 1, 1, 1, 1, 1, 1]"
67,"[0.7876474451845235, 1.3367093260113037, 0.6957232093611053, 1.1841837139994809, 1.2170855825070643, 1.4060843208348173, 1.368539873747666, 1.277738718251551]","[2000, 2196, 2392, 2588, 2784, 2980, 3176, 3372]",2990,"[0.9678497344419276, 1.3405396497130688, 1.2872524015405509, 0.9929969631291424, 0.5646793960123411, 1.0292765394234729, 0.967371763771778, 0.7311111233888026]",14,75.183000895,"[0.8079850985960599, 0.9938493392441294, 1.0570125185860393, 0.6104162060079131, 1.3032620376137547, 1.1412489484208883, 1.472887036217843, 1.290749374323659]",1,1696522606.1529045,0,{'runtime': 706},707.6016454696655,587.022290912,60000,"[0.11762847091514483, 0.03733452485269741, 0.17973530884531683, 0.12451061581660518, 0.07461147328062065, 0.0495992270474613, 0.063735819788991, 0.06165901903201616]",662.205377679,10000,21488,0.0374,"['<PyCall.jlwrap tanh>', '<PyCall.jlwrap tanh>', '<PyCall.jlwrap tanh>', '<PyCall.jlwrap tanh>', '<PyCall.jlwrap tanh>', '<PyCall.jlwrap tanh>', '<PyCall.jlwrap tanh>', '<PyCall.jlwrap tanh>']",8,"[1, 1, 1, 1, 1, 1, 1, 1]"
68,"[0.5833241715074494, 0.6357063317765327, 1.332092340606282, 0.8840692203183903, 0.5483778117712274, 0.567446193691572, 0.8398094486946563, 0.5375313464037964, 1.2541733547806055]","[2000, 2196, 2392, 2588, 2784, 2980, 3176, 3372, 3568]",3020,"[0.5039199667874661, 0.5177881960385851, 1.400703819622739, 1.2982280089116096, 0.859706522491246, 0.736152791549325, 0.6227545923169833, 0.5986248893852119, 1.4272053049918174]",14,87.610983174,"[0.5261133789975583, 0.7202631517847163, 0.9701401786031494, 1.214474033783853, 0.6122197570233354, 0.9684404755800706, 0.6347515888366106, 0.8282293311782798, 0.9588804706687868]",1,1696521892.0704048,0,{'runtime': 823},824.6320466995239,676.999044246,60000,"[0.06615256604934619, 0.06726394923898756, 0.04219808040306407, 0.06242610682386485, 0.11731845651560248, 0.10849510807572715, 0.020790065008778356, 0.014674475939114518, 0.12639484224256456]",764.610069569,10000,25056,0.0335,"['<PyCall.jlwrap tanh>', '<PyCall.jlwrap tanh>', '<PyCall.jlwrap tanh>', '<PyCall.jlwrap tanh>', '<PyCall.jlwrap tanh>', '<PyCall.jlwrap tanh>', '<PyCall.jlwrap tanh>', '<PyCall.jlwrap tanh>', '<PyCall.jlwrap tanh>']",9,"[1, 1, 1, 1, 1, 1, 1, 1, 1]"
69,"[0.7219583171422296, 0.5299094207528504, 1.4635914193200616, 1.1957626024089256, 1.444548537864094, 1.3723136757593082, 1.473723497077907, 0.9095130500603896, 1.4971845488192108, 1.2106853228261565]","[2000, 2196, 2392, 2588, 2784, 2980, 3176, 3372, 3568, 3764]",1757,"[0.8361207677834301, 1.2668494209453014, 0.9130697919789929, 0.5571927519622618, 0.7348881318107562, 0.7455684705142637, 0.7402130563234635, 0.6514269172586662, 0.5243025070500461, 1.086495572933014]",14,100.688129628,"[1.1478866578765208, 1.2472598669610355, 1.1387964606717436, 0.661680866244306, 0.8606561200194035, 0.650400945033425, 1.370905708804233, 0.9813834235114356, 1.0993262751490622, 0.7727795723466557]",1,1696521062.715669,0,{'runtime': 969},970.4534878730774,780.813577593,60000,"[0.1706055011127222, 0.02409517560051925, 0.024017343899801397, 0.1360876228811381, 0.02664022379659186, 0.13026041290741713, 0.14454437915892976, 0.044584427751495605, 0.17600729597004938, 0.11164040038499352]",881.501782162,10000,28820,0.0374,"['<PyCall.jlwrap tanh>', '<PyCall.jlwrap tanh>', '<PyCall.jlwrap tanh>', '<PyCall.jlwrap tanh>', '<PyCall.jlwrap tanh>', '<PyCall.jlwrap tanh>', '<PyCall.jlwrap tanh>', '<PyCall.jlwrap tanh>', '<PyCall.jlwrap tanh>', '<PyCall.jlwrap tanh>']",10,"[1, 1, 1, 1, 1, 1, 1, 1, 1, 1]"
70,1.244916874666084,2000,6651,1.4756376105113556,14,7.586016277,1.2530922724389186,1,1696520087.6395504,0,{'runtime': 98},99.84908056259157,88.475735991,60000,0.016757113204915648,96.061793787,10000,2000,0.0354,['<PyCall.jlwrap tanh>'],1,1
71,"[0.7461287751215364, 0.936944766492552]","[2000, 2196]",2944,"[0.7000783087054419, 0.7021237977762239]",14,14.202185339,"[0.6105989410167275, 1.0521134051265038]",1,1696519982.8552887,0,{'runtime': 154},155.88692569732666,134.517669212,60000,"[0.06191153601027602, 0.06627218063406226]",148.719927619,10000,4196,0.0334,"['<PyCall.jlwrap tanh>', '<PyCall.jlwrap tanh>']",2,"[1, 1]"
72,"[1.1425323961817906, 1.0087503756287597, 0.8072407963931015]","[2000, 2196, 2392]",4524,"[0.8236789510608818, 0.6212321615594278, 1.1933192612149184]",14,21.431562717,"[0.5808455273326495, 1.1201115266640351, 0.9073321123238788]",1,1696519822.3019545,0,{'runtime': 223},224.30061149597168,192.416859797,60000,"[0.08404633812633866, 0.13208562258649711, 0.18563976869415183]",213.84849438,10000,6588,0.0339,"['<PyCall.jlwrap tanh>', '<PyCall.jlwrap tanh>', '<PyCall.jlwrap tanh>']",3,"[1, 1, 1]"
73,"[1.3692594896853267, 1.1719082319285945, 0.695646744626985, 1.0900365017472002]","[2000, 2196, 2392, 2588]",6126,"[0.7323522426585534, 0.6409534862528181, 1.240487580081745, 1.3280668897846502]",14,36.099186706,"[0.9002142938372425, 1.1484035099260548, 1.1415767095816762, 0.5165858838420188]",1,1696519594.0575724,0,{'runtime': 332},333.8656973838806,284.21159152,60000,"[0.07014837400681044, 0.011250185604217417, 0.02725734209162451, 0.1715809233776378]",320.310820926,10000,9176,0.0348,"['<PyCall.jlwrap tanh>', '<PyCall.jlwrap tanh>', '<PyCall.jlwrap tanh>', '<PyCall.jlwrap tanh>']",4,"[1, 1, 1, 1]"
74,"[1.227061160384808, 1.4714586021729406, 0.503923237703936, 1.103583217469653, 1.0731051064596682]","[2000, 2196, 2392, 2588, 2784]",26,"[1.3464932602872377, 1.206322669698666, 0.7978549034930306, 1.1590945225957283, 1.2556104676451625]",14,45.269445772,"[1.0093059105353528, 1.0079614499270448, 0.7417105014764696, 1.193271214299597, 0.5537790261922503]",1,1696519256.3348927,0,{'runtime': 419},420.6236057281494,356.757108041,60000,"[0.12578747208793342, 0.08373693385300833, 0.061736487500261776, 0.010920410170853267, 0.17211856253624094]",402.026593519,10000,11960,0.0374,"['<PyCall.jlwrap tanh>', '<PyCall.jlwrap tanh>', '<PyCall.jlwrap tanh>', '<PyCall.jlwrap tanh>', '<PyCall.jlwrap tanh>']",5,"[1, 1, 1, 1, 1]"
75,"[1.197766926908978, 0.7802966346332366, 0.659164540184242, 0.5268788686863392, 1.0529335964586752, 0.6274169486083677]","[2000, 2196, 2392, 2588, 2784, 2980]",4877,"[0.779832785827408, 0.5371751549190968, 1.4197648770074065, 1.0242922293385934, 1.4272589504687991, 0.958635714800376]",14,54.795790112,"[0.5600864628030178, 1.3478566805989822, 1.3647784552613516, 1.223694600239812, 0.509908027257607, 0.7446046970253085]",1,1696518831.5965192,0,{'runtime': 512},513.6568553447723,433.504074731,60000,"[0.1815526548756733, 0.05561065164496806, 0.07126733402023123, 0.03818637560355077, 0.11023350116151412, 0.027667097086203497]",488.299907443,10000,14940,0.0368,"['<PyCall.jlwrap tanh>', '<PyCall.jlwrap tanh>', '<PyCall.jlwrap tanh>', '<PyCall.jlwrap tanh>', '<PyCall.jlwrap tanh>', '<PyCall.jlwrap tanh>']",6,"[1, 1, 1, 1, 1, 1]"
76,"[0.9872889055087408, 1.250697896456732, 0.7576512936977935, 1.341531494026793, 1.3958174450806786, 0.6416045259085397, 1.1036928858597452]","[2000, 2196, 2392, 2588, 2784, 2980, 3176]",2767,"[1.143362791250521, 0.7104711411542644, 0.9779154929182312, 0.5429319219484597, 0.5191431567562645, 1.1152537736813322, 1.0251060058779466]",14,64.999911124,"[1.0304252551937028, 0.9190091902223748, 0.6293450854652187, 0.7006795373799468, 1.1280961147172217, 0.8175923645154217, 1.3043552425633276]",1,1696518313.8590264,0,{'runtime': 602},603.9557664394379,503.298214663,60000,"[0.1179261537347506, 0.17914516913438366, 0.09979333581689936, 0.12242644208775626, 0.10616191891486323, 0.08702423338855203, 0.02319434864350798]",568.298166734,10000,18116,0.0393,"['<PyCall.jlwrap tanh>', '<PyCall.jlwrap tanh>', '<PyCall.jlwrap tanh>', '<PyCall.jlwrap tanh>', '<PyCall.jlwrap tanh>', '<PyCall.jlwrap tanh>', '<PyCall.jlwrap tanh>']",7,"[1, 1, 1, 1, 1, 1, 1]"
77,"[1.2784343656365968, 0.5132191549338899, 1.160111604383205, 0.7148774872077444, 1.2779063095488714, 0.9910543403798004, 0.8844958989997077, 1.080724994936406]","[2000, 2196, 2392, 2588, 2784, 2980, 3176, 3372]",1237,"[0.7381273148250009, 1.3718584641690548, 0.938309983241623, 0.7125450000033879, 0.9199215895999728, 0.7465141223830691, 0.990234677308468, 1.2312349474312865]",14,75.440935631,"[1.364183494243007, 1.3650718604186816, 0.5874017817505327, 1.2819879682397748, 1.2241522687584665, 0.7313988292743218, 1.498102143961174, 1.093429583601381]",1,1696517705.183453,0,{'runtime': 708},711.1928462982178,590.483299795,60000,"[0.05096150963724177, 0.10517555517388502, 0.017262369654955357, 0.19986885112834749, 0.032365410869425994, 0.13360248060350527, 0.01233634971551268, 0.07621414845514021]",665.924307371,10000,21488,0.0348,"['<PyCall.jlwrap tanh>', '<PyCall.jlwrap tanh>', '<PyCall.jlwrap tanh>', '<PyCall.jlwrap tanh>', '<PyCall.jlwrap tanh>', '<PyCall.jlwrap tanh>', '<PyCall.jlwrap tanh>', '<PyCall.jlwrap tanh>']",8,"[1, 1, 1, 1, 1, 1, 1, 1]"
78,"[1.4124107314517858, 0.7747472921576178, 1.1604983625898475, 1.4289554392082455, 0.6177669882856649, 1.2551388717236982, 0.6819821949142832, 1.3808071578612824, 1.0136037590544458]","[2000, 2196, 2392, 2588, 2784, 2980, 3176, 3372, 3568]",855,"[1.4737933464314368, 0.9430787385730964, 1.2250611385736871, 1.3129157011735242, 0.8860279399503406, 0.9163394983701496, 1.055259656167472, 0.9171917236745242, 0.9540731602062442]",14,87.924806438,"[0.6448776255639399, 0.7190779134882858, 0.5775147563891938, 0.6257817787425258, 1.084831734024239, 1.174029235088505, 1.1545436596069965, 1.3802913093319948, 1.4659418960996693]",1,1696516989.3515544,0,{'runtime': 828},829.3690242767334,684.616136468,60000,"[0.192209798802092, 0.05830728097054183, 0.06919008773930968, 0.060818314090518175, 0.15231326299574866, 0.17032617379507026, 0.02759147108050833, 0.036006391055899506, 0.18932002849331855]",772.541014663,10000,25056,0.0389,"['<PyCall.jlwrap tanh>', '<PyCall.jlwrap tanh>', '<PyCall.jlwrap tanh>', '<PyCall.jlwrap tanh>', '<PyCall.jlwrap tanh>', '<PyCall.jlwrap tanh>', '<PyCall.jlwrap tanh>', '<PyCall.jlwrap tanh>', '<PyCall.jlwrap tanh>']",9,"[1, 1, 1, 1, 1, 1, 1, 1, 1]"
79,"[0.5791456744287382, 0.6584144898420344, 1.116224093540128, 1.4551390389373735, 1.1213619024339705, 0.6931831422070822, 0.5330221861611661, 0.5350847949365026, 1.2308824322076124, 1.3636309399673543]","[2000, 2196, 2392, 2588, 2784, 2980, 3176, 3372, 3568, 3764]",7928,"[0.7331146504953512, 0.9040237004356598, 1.4627144124341314, 1.0933961402174632, 0.7975783130990826, 0.5046241455786294, 0.913338962311844, 1.2736673640960818, 0.6644127798696848, 0.7281883884164538]",14,101.679048061,"[1.4216736805766188, 1.1340479217914037, 1.3650905929031378, 0.8929735815311209, 0.7915017524517592, 0.5640102195077812, 1.2309429243358114, 1.044805115695072, 0.8518334782673107, 1.4699400032636158]",1,1696516155.2548175,0,{'runtime': 971},972.459706544876,784.572598536,60000,"[0.07267461420592512, 0.1478484178003931, 0.14180702088923278, 0.141086051230894, 0.02775279696158592, 0.07888037388368038, 0.190671428118216, 0.032451358271652596, 0.030123378814212405, 0.18429896092030076]",886.251733921,10000,28820,0.0348,"['<PyCall.jlwrap tanh>', '<PyCall.jlwrap tanh>', '<PyCall.jlwrap tanh>', '<PyCall.jlwrap tanh>', '<PyCall.jlwrap tanh>', '<PyCall.jlwrap tanh>', '<PyCall.jlwrap tanh>', '<PyCall.jlwrap tanh>', '<PyCall.jlwrap tanh>', '<PyCall.jlwrap tanh>']",10,"[1, 1, 1, 1, 1, 1, 1, 1, 1, 1]"
80,0.6239013194683218,2000,9771,1.117171971816027,14,7.681593245,1.4519641573074291,1,1696515178.1858692,0,{'runtime': 98},99.87425923347472,88.380817166,60000,0.06028888391644926,96.062483647,10000,2000,0.0359,['<PyCall.jlwrap tanh>'],1,1
81,"[0.9612133999863092, 1.26585636946024]","[2000, 2196]",2554,"[0.8674322190744412, 0.6661101783512048]",14,14.035920895,"[1.122200339350048, 1.4082894993677844]",1,1696515074.1549215,0,{'runtime': 154},155.4768705368042,134.322581607,60000,"[0.07146753732375327, 0.046957642502657694]",148.358574296,10000,4196,0.0323,"['<PyCall.jlwrap tanh>', '<PyCall.jlwrap tanh>']",2,"[1, 1]"
82,"[1.20626498677486, 1.0817866228022708, 0.65630804352579]","[2000, 2196, 2392]",8433,"[1.0352559679878364, 1.0908563005691212, 0.801300832827954]",14,23.023459716,"[1.4193655491051826, 1.237006567649794, 0.6712013404976095]",1,1696514913.9524052,0,{'runtime': 224},226.05986428260803,193.738935249,60000,"[0.06114832422701903, 0.023011682812792884, 0.019415636884556955]",216.762438724,10000,6588,0.0353,"['<PyCall.jlwrap tanh>', '<PyCall.jlwrap tanh>', '<PyCall.jlwrap tanh>']",3,"[1, 1, 1]"
83,"[1.132240981371731, 0.7653805108412917, 1.1245314690968409, 0.9558933890545857]","[2000, 2196, 2392, 2588]",7756,"[0.8296116071648992, 1.4322082054339784, 0.7152942832247607, 0.5977902445064913]",14,35.958437361,"[1.0261872864916235, 1.039538752297234, 0.6663669421524041, 1.103852805165466]",1,1696514683.5644703,0,{'runtime': 331},332.03111243247986,283.115921966,60000,"[0.1416183480246706, 0.17734958266061893, 0.13053248897662242, 0.10701349302490196]",319.074427891,10000,9176,0.0332,"['<PyCall.jlwrap tanh>', '<PyCall.jlwrap tanh>', '<PyCall.jlwrap tanh>', '<PyCall.jlwrap tanh>']",4,"[1, 1, 1, 1]"
84,"[1.1813350221365857, 0.5800085379795565, 1.0448247780496067, 0.6593051459829842, 0.790946336716751]","[2000, 2196, 2392, 2588, 2784]",9230,"[0.8932363634812317, 1.2498730999178496, 0.9663422003828837, 1.0167510643002795, 0.7857958476027621]",14,44.946789119,"[1.1999359062489048, 1.1329966733053074, 1.2411343886310404, 0.9476361015685736, 0.5671074366560896]",1,1696514342.8185604,0,{'runtime': 420},421.7547163963318,357.475667807,60000,"[0.04405402027433125, 0.048094458093465575, 0.18388237465443688, 0.18203440138362736, 0.10340644619062656]",402.422529094,10000,11960,0.0372,"['<PyCall.jlwrap tanh>', '<PyCall.jlwrap tanh>', '<PyCall.jlwrap tanh>', '<PyCall.jlwrap tanh>', '<PyCall.jlwrap tanh>']",5,"[1, 1, 1, 1, 1]"
85,"[0.6062730205005462, 1.14098465375318, 1.0006193416827682, 1.2403783544272713, 0.5811003949025012, 0.782652741884607]","[2000, 2196, 2392, 2588, 2784, 2980]",2094,"[0.5006545752639797, 0.6627078766263379, 0.962551756212244, 1.3174565708749937, 0.7985390516545202, 0.6515039438347021]",14,54.649359786,"[1.1638093371863962, 0.9784234105104274, 1.1197390135321847, 0.520310826827167, 0.5455486118479448, 0.5733979196994927]",1,1696513916.6482265,0,{'runtime': 500},501.4592561721802,420.001307473,60000,"[0.16048477748768475, 0.08953290963100877, 0.06148154440483388, 0.031304545854956574, 0.12301380653536344, 0.14125057533265437]",474.650708148,10000,14940,0.0345,"['<PyCall.jlwrap tanh>', '<PyCall.jlwrap tanh>', '<PyCall.jlwrap tanh>', '<PyCall.jlwrap tanh>', '<PyCall.jlwrap tanh>', '<PyCall.jlwrap tanh>']",6,"[1, 1, 1, 1, 1, 1]"
86,"[0.5540534462347124, 0.6452067974793881, 1.094966086580086, 1.0978747620522602, 0.6474074374402766, 1.3867095065241606, 1.1285411868892383]","[2000, 2196, 2392, 2588, 2784, 2980, 3176]",2072,"[1.0261717714539749, 0.6201862203922436, 0.6737657743597272, 0.6780785484263561, 1.2622654502926285, 1.316435084036225, 0.506101957902914]",14,63.415870221,"[0.9557543988850916, 0.6104099379916484, 0.7731925576810942, 0.6287306324649259, 1.2776964393008785, 0.5374999974748822, 1.4780962112671503]",1,1696513410.327603,0,{'runtime': 604},606.0313682556152,507.816378254,60000,"[0.082539460707753, 0.02572228004738524, 0.1532096708507911, 0.05322718546708189, 0.013383556292975909, 0.10369218161204732, 0.16912807865337345]",571.232303842,10000,18116,0.0362,"['<PyCall.jlwrap tanh>', '<PyCall.jlwrap tanh>', '<PyCall.jlwrap tanh>', '<PyCall.jlwrap tanh>', '<PyCall.jlwrap tanh>', '<PyCall.jlwrap tanh>', '<PyCall.jlwrap tanh>']",7,"[1, 1, 1, 1, 1, 1, 1]"
87,"[0.6676275781391143, 1.114577623894342, 0.560794428329537, 1.2491631335630144, 1.3448766595397617, 0.8955044258280263, 1.3964478347468026, 0.6994874898028502]","[2000, 2196, 2392, 2588, 2784, 2980, 3176, 3372]",9714,"[0.5810873129412026, 1.4702519891631702, 0.7820013636983112, 1.1630929547141249, 0.5822574472344609, 0.7268270829696342, 1.1642213927330802, 0.6337622494810319]",14,76.251689344,"[0.8322008519112902, 0.9696755883448558, 0.6699468789579434, 0.5391337250571515, 0.8759514868353904, 1.2278042910168123, 1.1333407433386196, 0.9511106100890548]",1,1696512799.94803,0,{'runtime': 710},711.4337639808655,593.266406115,60000,"[0.197704042401476, 0.10201252886416624, 0.10402316228534436, 0.075455979149972, 0.04677032940357899, 0.07994048379605528, 0.14020072702310904, 0.15839447202112597]",669.518165313,10000,21488,0.0342,"['<PyCall.jlwrap tanh>', '<PyCall.jlwrap tanh>', '<PyCall.jlwrap tanh>', '<PyCall.jlwrap tanh>', '<PyCall.jlwrap tanh>', '<PyCall.jlwrap tanh>', '<PyCall.jlwrap tanh>', '<PyCall.jlwrap tanh>']",8,"[1, 1, 1, 1, 1, 1, 1, 1]"
88,"[1.1287598903353175, 1.4209399213121547, 0.9302335142916612, 1.418425880958687, 1.194174052366727, 0.8770787383172997, 0.8073664912292765, 0.5166468872106907, 0.6012525354695174]","[2000, 2196, 2392, 2588, 2784, 2980, 3176, 3372, 3568]",1406,"[1.289515019449462, 1.4857713935537809, 0.6661032892973141, 1.3360618880579127, 0.992771254538678, 1.0492637589987133, 0.9899487986891722, 0.6784251976494831, 0.9357011981777416]",14,86.504216758,"[1.3769982719827696, 1.2793679587302569, 0.8202477820960283, 1.4652397535904704, 1.1475431810396468, 0.5339320304640863, 0.6936940131639285, 1.482374672455095, 1.426386029235975]",1,1696512083.4268477,0,{'runtime': 883},884.9180693626404,734.984698642,60000,"[0.041455588100079765, 0.15674144580152322, 0.13435571592312304, 0.19487039313125923, 0.11499076467614612, 0.13241387526041729, 0.051449385543146355, 0.1044200767315178, 0.08385548501845663]",821.488956359,10000,25056,0.0396,"['<PyCall.jlwrap tanh>', '<PyCall.jlwrap tanh>', '<PyCall.jlwrap tanh>', '<PyCall.jlwrap tanh>', '<PyCall.jlwrap tanh>', '<PyCall.jlwrap tanh>', '<PyCall.jlwrap tanh>', '<PyCall.jlwrap tanh>', '<PyCall.jlwrap tanh>']",9,"[1, 1, 1, 1, 1, 1, 1, 1, 1]"
89,"[0.8024684043284703, 0.8217993061494258, 1.471087642044283, 0.6233105785118837, 0.8445054600852939, 1.2342372843748366, 1.1161644218129387, 0.9858724525739436, 0.932566739772688, 0.8310946780297266]","[2000, 2196, 2392, 2588, 2784, 2980, 3176, 3372, 3568, 3764]",6122,"[1.4687215307457686, 1.1328917094018576, 0.9182930912267948, 1.2261202594395777, 1.476311944473964, 1.4299017181639848, 1.0723096221258137, 1.4113819001348165, 0.9490795084466324, 0.6515590914185099]",14,113.129888353,"[0.6822292431674587, 1.4238185683575697, 0.9339631817478126, 1.3638181981602786, 1.1678157453839124, 0.8469240836546416, 1.2555581602870505, 0.7776998686279114, 0.7480125106924821, 0.9500652759417132]",1,1696511193.722087,0,{'runtime': 1061},1062.347571849823,866.885526028,60000,"[0.1813107933918863, 0.060888677933385774, 0.11611381800176754, 0.03819766510719668, 0.0527628628227104, 0.17417488228054265, 0.07266307235886578, 0.10571890954093316, 0.14672949244371075, 0.1354830289159279]",980.191269382,10000,28820,0.0401,"['<PyCall.jlwrap tanh>', '<PyCall.jlwrap tanh>', '<PyCall.jlwrap tanh>', '<PyCall.jlwrap tanh>', '<PyCall.jlwrap tanh>', '<PyCall.jlwrap tanh>', '<PyCall.jlwrap tanh>', '<PyCall.jlwrap tanh>', '<PyCall.jlwrap tanh>', '<PyCall.jlwrap tanh>']",10,"[1, 1, 1, 1, 1, 1, 1, 1, 1, 1]"
90,1.054001514518862,2000,7769,1.17230167668099,14,7.457384711,0.9701567684699604,1,1696504219.4674926,0,{'runtime': 97},98.43719553947447,87.811482274,60000,0.06004117441617324,95.268908193,10000,2000,0.0334,['<PyCall.jlwrap tanh>'],1,1
91,"[0.93986179801447, 0.8706640026336033]","[2000, 2196]",3100,"[0.5900951612836659, 0.9497565069711766]",14,13.445775725,"[1.2244859170107922, 0.5689637490171274]",1,1696504109.3669832,0,{'runtime': 152},153.92339515686035,134.540679631,60000,"[0.11650708659413513, 0.12248595252502766]",147.986493368,10000,4196,0.0322,"['<PyCall.jlwrap tanh>', '<PyCall.jlwrap tanh>']",2,"[1, 1]"
92,"[0.9982417408775704, 1.4376230236497722, 0.7919002301120692]","[2000, 2196, 2392]",1532,"[1.1201312172062885, 0.9374953864784624, 1.311649110379283]",14,20.794691641,"[1.2089071321929694, 0.7197937813469227, 0.8221150011555491]",1,1696503942.4120865,0,{'runtime': 218},219.4335424900055,189.6268371,60000,"[0.1997989429183434, 0.16402936706608354, 0.18973167808296473]",210.421604964,10000,6588,0.0369,"['<PyCall.jlwrap tanh>', '<PyCall.jlwrap tanh>', '<PyCall.jlwrap tanh>']",3,"[1, 1, 1]"
93,"[0.7182764730731213, 1.4067200043399883, 0.520912098743915, 1.4858100964966352]","[2000, 2196, 2392, 2588]",7054,"[0.9123659170217436, 1.402556894114042, 0.7843008123520998, 1.1687072140350128]",14,30.466882774,"[0.6529518996215508, 0.7240308898919059, 0.7736493597286476, 1.229319389991825]",1,1696503712.0384774,0,{'runtime': 298},299.60398840904236,256.424845553,60000,"[0.09918905098591692, 0.061629415546344025, 0.08809789902838759, 0.14294799803560823]",286.891790043,10000,9176,0.0353,"['<PyCall.jlwrap tanh>', '<PyCall.jlwrap tanh>', '<PyCall.jlwrap tanh>', '<PyCall.jlwrap tanh>']",4,"[1, 1, 1, 1]"
94,"[1.1882218779414857, 0.6116151578125479, 1.1077239204381653, 1.192745515364594, 0.9924369534895656]","[2000, 2196, 2392, 2588, 2784]",9791,"[1.4803666318793218, 1.4575455807906423, 1.0919513715823783, 1.0986356522189828, 1.274518706031567]",14,39.885143089,"[0.6729116161025944, 1.1683200297051552, 1.1522024385884777, 0.5921303963962452, 1.3941135210125433]",1,1696503402.085522,0,{'runtime': 386},387.2367398738861,330.946152536,60000,"[0.07449055999239207, 0.1454808567022287, 0.019632851444670703, 0.11427113850684369, 0.17358908867969136]",370.83133568,10000,11960,0.0392,"['<PyCall.jlwrap tanh>', '<PyCall.jlwrap tanh>', '<PyCall.jlwrap tanh>', '<PyCall.jlwrap tanh>', '<PyCall.jlwrap tanh>']",5,"[1, 1, 1, 1, 1]"
95,"[1.3104957173434104, 0.5227361612682861, 0.946895023551581, 1.073873493379075, 0.8985295584096068, 1.3431910645170486]","[2000, 2196, 2392, 2588, 2784, 2980]",7777,"[1.2005395245215498, 0.6390532009871802, 0.7694166988676931, 1.3472358262168729, 0.7322933289287014, 0.6062615326363907]",14,49.140702501,"[0.5258435246774047, 0.7079508714787266, 0.5685723423916654, 1.0544583245816406, 0.5381935860803415, 0.8769020207993868]",1,1696503002.4919307,0,{'runtime': 472},473.6396746635437,399.07727088,60000,"[0.17006206641909524, 0.1554170261257777, 0.056156401463605544, 0.03597108950475265, 0.10324782983944428, 0.19600986868247824]",448.218014169,10000,14940,0.0365,"['<PyCall.jlwrap tanh>', '<PyCall.jlwrap tanh>', '<PyCall.jlwrap tanh>', '<PyCall.jlwrap tanh>', '<PyCall.jlwrap tanh>', '<PyCall.jlwrap tanh>']",6,"[1, 1, 1, 1, 1, 1]"
96,"[0.7419706864967704, 1.4604176312302353, 1.18056957576255, 0.62633289603255, 1.4940461015094937, 0.641002135642258, 1.1425456568287609]","[2000, 2196, 2392, 2588, 2784, 2980, 3176]",6059,"[0.5411022294052489, 1.2304307475149092, 1.3732129803183168, 1.123050264030637, 0.940476965055165, 1.1506440559368265, 1.19011161353772]",14,59.574779614,"[0.6844764394449361, 1.3613563194477516, 0.7622050873525209, 0.5827495141773321, 0.8622269594803129, 1.0708839172336333, 0.5170948619001654]",1,1696502516.7148232,0,{'runtime': 572},574.5049042701721,478.59928699,60000,"[0.15379365889562527, 0.17987276801893667, 0.12266424885504384, 0.05500817442390966, 0.1038926115734568, 0.15869192668945814, 0.14271092673209285]",538.174114995,10000,18116,0.036,"['<PyCall.jlwrap tanh>', '<PyCall.jlwrap tanh>', '<PyCall.jlwrap tanh>', '<PyCall.jlwrap tanh>', '<PyCall.jlwrap tanh>', '<PyCall.jlwrap tanh>', '<PyCall.jlwrap tanh>']",7,"[1, 1, 1, 1, 1, 1, 1]"
97,"[0.5084670460601876, 0.6104894673712177, 0.972334094166529, 1.008781650505714, 0.6086228953727627, 0.9803684463293896, 1.0147303045804954, 1.4974580104831792]","[2000, 2196, 2392, 2588, 2784, 2980, 3176, 3372]",2649,"[1.0522695524908574, 1.1319371055053435, 1.2635024879964198, 0.6460766125973959, 0.5172005230984895, 1.322002332831763, 1.2835330687381663, 0.5870445774856847]",14,71.632724683,"[0.5657484642091196, 0.7670824649126414, 0.92420272859081, 0.5234346144959473, 0.6515537013708659, 1.4830816176149604, 1.087352391659702, 0.5393923125198392]",1,1696501930.83111,0,{'runtime': 678},679.6675729751587,566.84417353,60000,"[0.12753165143745648, 0.11839903456096568, 0.08562086345595737, 0.05802145317301005, 0.19466949109313875, 0.1599256102849859, 0.17787202115824738, 0.16224052296164837]",638.47695507,10000,21488,0.0377,"['<PyCall.jlwrap tanh>', '<PyCall.jlwrap tanh>', '<PyCall.jlwrap tanh>', '<PyCall.jlwrap tanh>', '<PyCall.jlwrap tanh>', '<PyCall.jlwrap tanh>', '<PyCall.jlwrap tanh>', '<PyCall.jlwrap tanh>']",8,"[1, 1, 1, 1, 1, 1, 1, 1]"
98,"[1.2656549982550631, 1.471118056826218, 0.8708319756134711, 0.855369992105787, 1.4613895345773638, 1.321153864778308, 0.5526546110475219, 1.05923905970559, 1.0712907925180848]","[2000, 2196, 2392, 2588, 2784, 2980, 3176, 3372, 3568]",9717,"[1.3247375943699478, 0.5027960077264504, 0.9281109406564996, 0.7907315971246851, 0.6793139582509459, 1.240006118985464, 1.1635755372879113, 1.057669839030116, 1.360703662390824]",14,83.374167691,"[1.4042950358105857, 0.5185174087788895, 1.469146033506036, 1.0712548328307834, 1.1257753724789925, 1.357365078939076, 1.3833389407144057, 1.050963323354151, 1.2105407660767942]",1,1696501082.042446,0,{'runtime': 811},811.9116642475128,671.16163688,60000,"[0.19735451849357472, 0.05204576739060034, 0.019097271894978667, 0.1688489162817316, 0.0625261200372016, 0.1131302664064254, 0.1260140940642435, 0.1683787127975244, 0.12929102875504872]",754.535862199,10000,25056,0.0397,"['<PyCall.jlwrap tanh>', '<PyCall.jlwrap tanh>', '<PyCall.jlwrap tanh>', '<PyCall.jlwrap tanh>', '<PyCall.jlwrap tanh>', '<PyCall.jlwrap tanh>', '<PyCall.jlwrap tanh>', '<PyCall.jlwrap tanh>', '<PyCall.jlwrap tanh>']",9,"[1, 1, 1, 1, 1, 1, 1, 1, 1]"
99,"[1.4627757072776466, 1.3512794202718383, 1.1074794854809429, 0.5194526431070262, 1.2968183353926526, 1.2572894502055991, 1.1102204049720243, 0.5118235528450222, 0.5566414238800108, 1.2828698962276626]","[2000, 2000, 2000, 2000, 2000, 2000, 2000, 2000, 2000, 2000]",8387,"[0.5031280442998916, 0.5141678480817368, 1.255333854411707, 0.8059734196848964, 0.7758443520461635, 0.6803731277678736, 0.6605289704583175, 1.3799019831905213, 1.0851968540845425, 0.5317606500082849]",14,103.378964639,"[1.2423502593088314, 1.193667099714541, 0.9326700808427878, 0.7586384473773994, 0.7136715512545039, 0.8272017598194706, 1.2057687534268902, 0.813243832832193, 0.998795945599195, 1.1973780682113544]",1,1696499944.7553332,0,{'runtime': 1034},1035.4980292320251,855.298409113,60000,"[0.05400257555147652, 0.16326979623395574, 0.02210723932697155, 0.10268947495382566, 0.16634615524037769, 0.1289288282383299, 0.11453532550846916, 0.10171148205496602, 0.17370394141743117, 0.12981627235832482]",958.677444595,10000,20000,0.034,"['<PyCall.jlwrap tanh>', '<PyCall.jlwrap tanh>', '<PyCall.jlwrap tanh>', '<PyCall.jlwrap tanh>', '<PyCall.jlwrap tanh>', '<PyCall.jlwrap tanh>', '<PyCall.jlwrap tanh>', '<PyCall.jlwrap tanh>', '<PyCall.jlwrap tanh>', '<PyCall.jlwrap tanh>']",10,"[1, 1, 1, 1, 1, 1, 1, 1, 1, 1]"
